CSA,CBSA,Name,Metro /Micro Code,Total,1 Unit,2 Units,3 and 4 Units,5 Units or More,Num of Structures With 5 Units or More,nan,Total_year_to_date,1 Unit_year_to_date,2 Units_year_to_date,3 and 4 Units_year_to_date,5 Units or More_year_to_date,Num of Structures With 5 Units or More_year_to_date
999,10100,"Aberdeen, SD                                                ",5,0,0,0,0,0,0,,0,0,0,0,0,0
999,10140,"Aberdeen, WA                                                ",5,24,24,0,0,0,0,,24,24,0,0,0,0
101,10180,"Abilene, TX                                                 ",2,82,78,4,0,0,0,,82,78,4,0,0,0
999,10220,"Ada, OK                                                     ",5,4,0,4,0,0,0,,4,0,4,0,0,0
220,10300,"Adrian, MI                                                  ",5,8,8,0,0,0,0,,8,8,0,0,0,0
184,10420,"Akron, OH                                                   ",2,56,42,0,0,14,2,,56,42,0,0,14,2
999,10460,"Alamogordo, NM                                              ",5,1,1,0,0,0,0,,1,1,0,0,0,0
999,10480,"Alamosa, CO                                                 ",5,10,6,4,0,0,0,,10,6,4,0,0,0
999,10500,"Albany, GA                                                  ",4,6,6,0,0,0,0,,6,6,0,0,0,0
440,10540,"Albany, OR                                                  ",2,10,8,2,0,0,0,,10,8,2,0,0,0
104,10580,"Albany-Schenectady-Troy, NY                                 ",2,170,81,0,3,86,7,,170,81,0,3,86,7
172,10620,"Albemarle, NC                                               ",5,29,29,0,0,0,0,,29,29,0,0,0,0
999,10660,"Albert Lea, MN                                              ",5,0,0,0,0,0,0,,0,0,0,0,0,0
290,10700,"Albertville, AL                                             ",5,8,8,0,0,0,0,,8,8,0,0,0,0
105,10740,"Albuquerque, NM                                             ",2,146,116,30,0,0,0,,146,116,30,0,0,0
194,10760,"Alexander City, AL                                          ",5,8,8,0,0,0,0,,8,8,0,0,0,0
999,10780,"Alexandria, LA                                              ",4,25,23,2,0,0,0,,25,23,2,0,0,0
999,10820,"Alexandria, MN                                              ",5,7,7,0,0,0,0,,7,7,0,0,0,0
204,10860,"Alice, TX                                                   ",5,1,1,0,0,0,0,,1,1,0,0,0,0
106,10900,"Allentown-Bethlehem-Easton, PA-NJ                           ",2,81,62,14,0,5,1,,81,62,14,0,5,1
394,10940,"Alma, MI                                                    ",5,2,2,0,0,0,0,,2,2,0,0,0,0
999,10980,"Alpena, MI                                                  ",5,3,3,0,0,0,0,,3,3,0,0,0,0
107,11020,"Altoona, PA                                                 ",2,16,13,0,3,0,0,,16,13,0,3,0,0
999,11060,"Altus, OK                                                   ",5,3,3,0,0,0,0,,3,3,0,0,0,0
108,11100,"Amarillo, TX                                                ",2,42,42,0,0,0,0,,42,42,0,0,0,0
999,11140,"Americus, GA                                                ",5,4,4,0,0,0,0,,4,4,0,0,0,0
218,11180,"Ames, IA                                                    ",2,28,3,0,0,25,1,,28,3,0,0,25,1
521,11200,"Amherst Town-Northampton, MA                                ",2,16,6,0,0,10,2,,16,6,0,0,10,2
104,11220,"Amsterdam, NY                                               ",5,4,4,0,0,0,0,,4,4,0,0,0,0
999,11260,"Anchorage, AK                                               ",4,19,10,2,0,7,1,,19,10,2,0,7,1
450,11360,"Anderson Creek, NC                                          ",5,92,92,0,0,0,0,,92,92,0,0,0,0
372,11380,"Andrews, TX                                                 ",5,3,3,0,0,0,0,,3,3,0,0,0,0
258,11420,"Angola, IN                                                  ",5,4,4,0,0,0,0,,4,4,0,0,0,0
220,11460,"Ann Arbor, MI                                               ",2,47,23,0,0,24,1,,47,23,0,0,24,1
999,11500,"Anniston-Oxford, AL                                         ",4,7,7,0,0,0,0,,7,7,0,0,0,0
118,11540,"Appleton, WI                                                ",2,57,57,0,0,0,0,,57,57,0,0,0,0
412,11580,"Arcadia, FL                                                 ",5,5,5,0,0,0,0,,5,5,0,0,0,0
999,11620,"Ardmore, OK                                                 ",5,4,4,0,0,0,0,,4,4,0,0,0,0
999,11660,"Arkadelphia, AR                                             ",5,1,1,0,0,0,0,,1,1,0,0,0,0
556,11680,"Arkansas City-Winfield, KS                                  ",5,5,1,4,0,0,0,,5,1,4,0,0,0
120,11700,"Asheville, NC                                               ",2,294,166,0,0,128,4,,294,166,0,0,128,4
360,11740,"Ashland, OH                                                 ",5,7,5,2,0,0,0,,7,5,2,0,0,0
999,11820,"Astoria, OR                                                 ",5,6,6,0,0,0,0,,6,6,0,0,0,0
312,11860,"Atchison, KS                                                ",5,1,1,0,0,0,0,,1,1,0,0,0,0
198,11900,"Athens, OH                                                  ",5,0,0,0,0,0,0,,0,0,0,0,0,0
174,11940,"Athens, TN                                                  ",5,11,11,0,0,0,0,,11,11,0,0,0,0
206,11980,"Athens, TX                                                  ",5,18,18,0,0,0,0,,18,18,0,0,0,0
122,12020,"Athens-Clarke County, GA                                    ",2,76,76,0,0,0,0,,76,76,0,0,0,0
122,12060,"Atlanta-Sandy Springs-Roswell, GA                           ",2,3133,1859,22,53,1199,76,,3133,1859,22,53,1199,76
428,12100,"Atlantic City-Hammonton, NJ                                 ",2,129,89,32,3,5,1,,129,89,32,3,5,1
258,12140,"Auburn, IN                                                  ",5,8,8,0,0,0,0,,8,8,0,0,0,0
532,12180,"Auburn, NY                                                  ",5,14,6,0,3,5,1,,14,6,0,3,5,1
194,12220,"Auburn-Opelika, AL                                          ",2,141,141,0,0,0,0,,141,141,0,0,0,0
999,12260,"Augusta-Richmond County, GA-SC                              ",4,282,278,0,4,0,0,,282,278,0,4,0,0
999,12300,"Augusta-Waterville, ME                                      ",5,26,26,0,0,0,0,,26,26,0,0,0,0
462,12380,"Austin, MN                                                  ",5,2,2,0,0,0,0,,2,2,0,0,0,0
999,12420,"Austin-Round Rock-San Marcos, TX                            ",4,1908,1159,14,6,729,20,,1908,1159,14,6,729,20
533,12460,"Bainbridge, GA                                              ",5,11,6,0,0,5,1,,11,6,0,0,5,1
999,12520,"Baker City, OR                                              ",5,4,4,0,0,0,0,,4,4,0,0,0,0
999,12540,"Bakersfield-Delano, CA                                      ",4,223,215,4,4,0,0,,223,215,4,4,0,0
548,12580,"Baltimore-Columbia-Towson, MD                               ",2,708,247,4,0,457,7,,708,247,4,0,457,7
999,12620,"Bangor, ME                                                  ",4,40,20,0,12,8,1,,40,20,0,12,8,1
357,12660,"Baraboo, WI                                                 ",5,15,13,2,0,0,0,,15,13,2,0,0,0
148,12700,"Barnstable Town, MA                                         ",2,20,18,2,0,0,0,,20,18,2,0,0,0
162,12740,"Barre, VT                                                   ",5,8,6,2,0,0,0,,8,6,2,0,0,0
538,12780,"Bartlesville, OK                                            ",5,1,1,0,0,0,0,,1,1,0,0,0,0
464,12860,"Batavia, NY                                                 ",5,4,4,0,0,0,0,,4,4,0,0,0,0
999,12900,"Batesville, AR                                              ",5,1,1,0,0,0,0,,1,1,0,0,0,0
132,12940,"Baton Rouge, LA                                             ",2,273,261,0,0,12,1,,273,261,0,0,12,1
310,12980,"Battle Creek, MI                                            ",2,11,11,0,0,0,0,,11,11,0,0,0,0
474,13020,"Bay City, MI                                                ",2,2,2,0,0,0,0,,2,2,0,0,0,0
288,13060,"Bay City, TX                                                ",5,31,31,0,0,0,0,,31,31,0,0,0,0
339,13100,"Beatrice, NE                                                ",5,1,1,0,0,0,0,,1,1,0,0,0,0
999,13140,"Beaumont-Port Arthur, TX                                    ",4,88,74,0,4,10,2,,88,74,0,4,10,2
376,13180,"Beaver Dam, WI                                              ",5,20,16,4,0,0,0,,20,16,4,0,0,0
999,13220,"Beckley, WV                                                 ",4,2,2,0,0,0,0,,2,2,0,0,0,0
144,13260,"Bedford, IN                                                 ",5,1,1,0,0,0,0,,1,1,0,0,0,0
999,13300,"Beeville, TX                                                ",5,1,1,0,0,0,0,,1,1,0,0,0,0
198,13340,"Bellefontaine, OH                                           ",5,5,5,0,0,0,0,,5,5,0,0,0,0
999,13380,"Bellingham, WA                                              ",4,78,57,2,19,0,0,,78,57,2,19,0,0
999,13420,"Bemidji, MN                                                 ",5,6,1,0,0,5,1,,6,1,0,0,5,1
999,13460,"Bend, OR                                                    ",4,161,146,6,3,6,1,,161,146,6,3,6,1
999,13540,"Bennington, VT                                              ",5,3,3,0,0,0,0,,3,3,0,0,0,0
266,13660,"Big Rapids, MI                                              ",5,3,3,0,0,0,0,,3,3,0,0,0,0
999,13700,"Big Spring, TX                                              ",5,1,1,0,0,0,0,,1,1,0,0,0,0
999,13740,"Billings, MT                                                ",4,51,35,16,0,0,0,,51,35,16,0,0,0
999,13780,"Binghamton, NY                                              ",4,23,6,0,0,17,3,,23,6,0,0,17,3
142,13820,"Birmingham, AL                                              ",2,261,241,0,0,20,2,,261,241,0,0,20,2
999,13860,"Bishop, CA                                                  ",5,1,1,0,0,0,0,,1,1,0,0,0,0
999,13900,"Bismarck, ND                                                ",4,15,5,0,4,6,1,,15,5,0,4,6,1
292,13940,"Blackfoot, ID                                               ",5,5,5,0,0,0,0,,5,5,0,0,0,0
999,13980,"Blacksburg-Christiansburg-Radford, VA                       ",4,29,27,2,0,0,0,,29,27,2,0,0,0
145,14010,"Bloomington, IL                                             ",2,6,6,0,0,0,0,,6,6,0,0,0,0
144,14020,"Bloomington, IN                                             ",2,25,16,6,3,0,0,,25,16,6,3,0,0
146,14100,"Bloomsburg-Berwick, PA                                      ",5,9,9,0,0,0,0,,9,9,0,0,0,0
999,14140,"Bluefield, WV-VA                                            ",5,2,2,0,0,0,0,,2,2,0,0,0,0
999,14180,"Blytheville, AR                                             ",5,4,4,0,0,0,0,,4,4,0,0,0,0
406,14220,"Bogalusa, LA                                                ",5,0,0,0,0,0,0,,0,0,0,0,0,0
147,14260,"Boise City, ID                                              ",2,691,593,10,8,80,4,,691,593,10,8,80,4
206,14300,"Bonham, TX                                                  ",5,1,1,0,0,0,0,,1,1,0,0,0,0
999,14380,"Boone, NC                                                   ",5,11,9,2,0,0,0,,11,9,2,0,0,0
108,14420,"Borger, TX                                                  ",5,1,1,0,0,0,0,,1,1,0,0,0,0
148,14460,"Boston-Cambridge-Newton, MA-NH                              ",2,789,254,34,15,486,27,,789,254,34,15,486,27
216,14500,"Boulder, CO                                                 ",2,76,52,0,0,24,2,,76,52,0,0,24,2
150,14540,"Bowling Green, KY                                           ",2,36,36,0,0,0,0,,36,36,0,0,0,0
999,14580,"Bozeman, MT                                                 ",4,95,59,4,4,28,2,,95,59,4,4,28,2
999,14620,"Bradford, PA                                                ",5,2,2,0,0,0,0,,2,2,0,0,0,0
999,14660,"Brainerd, MN                                                ",5,27,24,0,3,0,0,,27,24,0,3,0,0
999,14700,"Branson, MO                                                 ",5,11,11,0,0,0,0,,11,11,0,0,0,0
313,14710,"Brattleboro, VT                                             ",5,18,18,0,0,0,0,,18,18,0,0,0,0
999,14720,"Breckenridge, CO                                            ",5,20,15,0,0,5,1,,20,15,0,0,5,1
500,14740,"Bremerton-Silverdale-Port Orchard, WA                       ",2,67,47,2,0,18,1,,67,47,2,0,18,1
288,14780,"Brenham, TX                                                 ",5,11,8,0,3,0,0,,11,8,0,3,0,0
120,14820,"Brevard, NC                                                 ",5,22,17,0,0,5,1,,22,17,0,0,5,1
408,14860,"Bridgeport-Stamford-Danbury, CT                             ",2,139,34,4,4,97,2,,139,34,4,4,97,2
482,14940,"Brigham City, UT-ID                                         ",5,35,30,0,0,5,1,,35,30,0,0,5,1
298,15020,"Brookhaven, MS                                              ",5,2,2,0,0,0,0,,2,2,0,0,0,0
152,15060,"Brookings, OR                                               ",5,2,2,0,0,0,0,,2,2,0,0,0,0
999,15100,"Brookings, SD                                               ",5,0,0,0,0,0,0,,0,0,0,0,0,0
154,15180,"Brownsville-Harlingen, TX                                   ",2,181,153,12,6,10,2,,181,153,12,6,10,2
999,15220,"Brownwood, TX                                               ",5,61,12,0,0,49,5,,61,12,0,0,49,5
999,15260,"Brunswick-St.Simons, GA                                     ",4,62,42,6,6,8,1,,62,42,6,6,8,1
360,15340,"Bucyrus, OH                                                 ",5,1,1,0,0,0,0,,1,1,0,0,0,0
160,15380,"Buffalo-Cheektowaga, NY                                     ",2,52,39,2,3,8,1,,52,39,2,3,8,1
999,15420,"Burley, ID                                                  ",5,22,22,0,0,0,0,,22,22,0,0,0,0
161,15460,"Burlington, IA-IL                                           ",5,2,2,0,0,0,0,,2,2,0,0,0,0
268,15500,"Burlington, NC                                              ",2,138,132,0,0,6,1,,138,132,0,0,6,1
162,15540,"Burlington-South Burlington, VT                             ",2,161,51,8,8,94,3,,161,51,8,8,94,3
999,15580,"Butte-Silver Bow, MT                                        ",5,7,5,2,0,0,0,,7,5,2,0,0,0
999,15620,"Cadillac, MI                                                ",5,10,5,0,0,5,1,,10,5,0,0,5,1
122,15660,"Calhoun, GA                                                 ",5,24,24,0,0,0,0,,24,24,0,0,0,0
548,15700,"Cambridge, MD                                               ",5,4,4,0,0,0,0,,4,4,0,0,0,0
198,15740,"Cambridge, OH                                               ",5,7,7,0,0,0,0,,7,7,0,0,0,0
999,15780,"Camden, AR                                                  ",5,1,1,0,0,0,0,,1,1,0,0,0,0
999,15820,"Campbellsville, KY                                          ",5,1,1,0,0,0,0,,1,1,0,0,0,0
444,15860,"Cañon City, CO                                              ",5,8,8,0,0,0,0,,8,8,0,0,0,0
427,15900,"Canton, IL                                                  ",5,0,0,0,0,0,0,,0,0,0,0,0,0
184,15940,"Canton-Massillon, OH                                        ",2,35,26,0,3,6,1,,35,26,0,3,6,1
163,15980,"Cape Coral-Fort Myers, FL                                   ",2,1389,979,20,0,390,6,,1389,979,20,0,390,6
164,16020,"Cape Girardeau, MO-IL                                       ",2,3,3,0,0,0,0,,3,3,0,0,0,0
166,16060,"Carbondale, IL                                              ",5,0,0,0,0,0,0,,0,0,0,0,0,0
999,16100,"Carlsbad-Artesia, NM                                        ",5,19,19,0,0,0,0,,19,19,0,0,0,0
999,16140,"Carroll, IA                                                 ",5,0,0,0,0,0,0,,0,0,0,0,0,0
456,16180,"Carson City, NV                                             ",2,219,9,0,0,210,5,,219,9,0,0,210,5
999,16220,"Casper, WY                                                  ",4,10,10,0,0,0,0,,10,10,0,0,0,0
999,16260,"Cedar City, UT                                              ",5,61,61,0,0,0,0,,61,61,0,0,0,0
168,16300,"Cedar Rapids, IA                                            ",2,27,14,0,3,10,1,,27,14,0,3,10,1
122,16340,"Cedartown, GA                                               ",5,5,5,0,0,0,0,,5,5,0,0,0,0
338,16380,"Celina, OH                                                  ",5,5,5,0,0,0,0,,5,5,0,0,0,0
476,16460,"Centralia, IL                                               ",5,0,0,0,0,0,0,,0,0,0,0,0,0
500,16500,"Centralia, WA                                               ",5,15,15,0,0,0,0,,15,15,0,0,0,0
548,16540,"Chambersburg, PA                                            ",2,106,59,40,0,7,1,,106,59,40,0,7,1
169,16580,"Champaign-Urbana, IL                                        ",2,20,18,2,0,0,0,,20,18,2,0,0,0
170,16620,"Charleston, WV                                              ",2,13,13,0,0,0,0,,13,13,0,0,0,0
999,16660,"Charleston-Mattoon, IL                                      ",5,0,0,0,0,0,0,,0,0,0,0,0,0
999,16700,"Charleston-North Charleston, SC                             ",4,723,532,8,24,159,17,,723,532,8,24,159,17
172,16740,"Charlotte-Concord-Gastonia, NC-SC                           ",2,2304,1423,6,0,875,22,,2304,1423,6,0,875,22
999,16820,"Charlottesville, VA                                         ",4,128,101,0,3,24,2,,128,101,0,3,24,2
174,16860,"Chattanooga, TN-GA                                          ",2,212,165,4,10,33,2,,212,165,4,10,33,2
999,16940,"Cheyenne, WY                                                ",4,38,35,0,3,0,0,,38,35,0,3,0,0
176,16980,"Chicago-Naperville-Elgin, IL-IN                             ",2,819,580,16,51,172,15,,819,580,16,51,172,15
999,17020,"Chico, CA                                                   ",4,34,32,2,0,0,0,,34,32,2,0,0,0
198,17060,"Chillicothe, OH                                             ",5,3,1,2,0,0,0,,3,1,2,0,0,0
178,17140,"Cincinnati, OH-KY-IN                                        ",2,464,324,20,21,99,15,,464,324,20,21,99,15
242,17220,"Clarksburg, WV                                              ",5,2,2,0,0,0,0,,2,2,0,0,0,0
368,17260,"Clarksdale, MS                                              ",5,2,2,0,0,0,0,,2,2,0,0,0,0
999,17300,"Clarksville, TN-KY                                          ",4,439,174,2,4,259,15,,439,174,2,4,259,15
999,17340,"Clearlake, CA                                               ",5,10,5,0,0,5,1,,10,5,0,0,5,1
999,17380,"Cleveland, MS                                               ",5,1,1,0,0,0,0,,1,1,0,0,0,0
184,17410,"Cleveland, OH                                               ",2,262,204,0,3,55,2,,262,204,0,3,55,2
174,17420,"Cleveland, TN                                               ",2,82,82,0,0,0,0,,82,82,0,0,0,0
163,17500,"Clewiston, FL                                               ",5,39,39,0,0,0,0,,39,39,0,0,0,0
209,17540,"Clinton, IA                                                 ",5,4,2,2,0,0,0,,4,2,2,0,0,0
999,17580,"Clovis, NM                                                  ",5,9,5,4,0,0,0,,9,5,4,0,0,0
999,17650,"Cody, WY                                                    ",5,15,15,0,0,0,0,,15,15,0,0,0,0
518,17660,"Coeur dAlene, ID                                            ",2,82,74,2,0,6,1,,82,74,2,0,6,1
999,17740,"Coldwater, MI                                               ",5,2,2,0,0,0,0,,2,2,0,0,0,0
999,17780,"College Station-Bryan, TX                                   ",4,186,160,26,0,0,0,,186,160,26,0,0,0
999,17820,"Colorado Springs, CO                                        ",4,422,226,0,0,196,2,,422,226,0,0,196,2
190,17860,"Columbia, MO                                                ",2,51,51,0,0,0,0,,51,51,0,0,0,0
192,17900,"Columbia, SC                                                ",2,434,382,14,38,0,0,,434,382,14,38,0,0
194,17980,"Columbus, GA-AL                                             ",2,49,44,0,0,5,1,,49,44,0,0,5,1
294,18020,"Columbus, IN                                                ",2,7,7,0,0,0,0,,7,7,0,0,0,0
523,18060,"Columbus, MS                                                ",5,10,10,0,0,0,0,,10,10,0,0,0,0
999,18100,"Columbus, NE                                                ",5,3,3,0,0,0,0,,3,3,0,0,0,0
198,18140,"Columbus, OH                                                ",2,657,406,6,9,236,2,,657,406,6,9,236,2
148,18180,"Concord, NH                                                 ",5,12,12,0,0,0,0,,12,12,0,0,0,0
458,18220,"Connersville, IN                                            ",5,1,1,0,0,0,0,,1,1,0,0,0,0
999,18260,"Cookeville, TN                                              ",5,36,36,0,0,0,0,,36,36,0,0,0,0
999,18300,"Coos Bay-North Bend, OR                                     ",5,7,7,0,0,0,0,,7,7,0,0,0,0
371,18340,"Corbin, KY                                                  ",5,20,3,6,0,11,1,,20,3,6,0,11,1
999,18380,"Cordele, GA                                                 ",5,1,1,0,0,0,0,,1,1,0,0,0,0
539,18420,"Corinth, MS                                                 ",5,2,2,0,0,0,0,,2,2,0,0,0,0
122,18460,"Cornelia, GA                                                ",5,29,24,0,0,5,1,,29,24,0,0,5,1
236,18500,"Corning, NY                                                 ",5,11,11,0,0,0,0,,11,11,0,0,0,0
204,18580,"Corpus Christi, TX                                          ",2,157,147,2,3,5,1,,157,147,2,3,5,1
206,18620,"Corsicana, TX                                               ",5,41,39,2,0,0,0,,41,39,2,0,0,0
296,18660,"Cortland, NY                                                ",5,1,1,0,0,0,0,,1,1,0,0,0,0
440,18700,"Corvallis, OR                                               ",2,10,10,0,0,0,0,,10,10,0,0,0,0
184,18740,"Coshocton, OH                                               ",5,0,0,0,0,0,0,,0,0,0,0,0,0
294,18820,"Crawfordsville, IN                                          ",5,5,3,2,0,0,0,,5,3,2,0,0,0
152,18860,"Crescent City, CA                                           ",5,1,1,0,0,0,0,,1,1,0,0,0,0
999,18880,"Crestview-Fort Walton Beach-Destin, FL                      ",4,474,171,0,0,303,20,,474,171,0,0,303,20
999,18900,"Crossville, TN                                              ",5,5,5,0,0,0,0,,5,5,0,0,0,0
142,18980,"Cullman, AL                                                 ",5,25,25,0,0,0,0,,25,25,0,0,0,0
999,19060,"Cumberland, MD-WV                                           ",5,3,3,0,0,0,0,,3,3,0,0,0,0
206,19100,"Dallas-Fort Worth-Arlington, TX                             ",2,4876,3411,92,43,1330,121,,4876,3411,92,43,1330,121
174,19140,"Dalton, GA                                                  ",2,61,47,6,3,5,1,,61,47,6,3,5,1
169,19180,"Danville, IL                                                ",5,0,0,0,0,0,0,,0,0,0,0,0,0
999,19220,"Danville, KY                                                ",5,18,18,0,0,0,0,,18,18,0,0,0,0
999,19260,"Danville, VA                                                ",5,7,7,0,0,0,0,,7,7,0,0,0,0
380,19300,"Daphne-Fairhope-Foley, AL                                   ",2,250,250,0,0,0,0,,250,250,0,0,0,0
209,19340,"Davenport-Moline-Rock Island, IA-IL                         ",2,19,11,0,8,0,0,,19,11,0,8,0,0
212,19430,"Dayton-Kettering-Beavercreek, OH                            ",2,175,108,0,25,42,3,,175,108,0,25,42,3
290,19460,"Decatur, AL                                                 ",2,26,26,0,0,0,0,,26,26,0,0,0,0
999,19500,"Decatur, IL                                                 ",4,0,0,0,0,0,0,,0,0,0,0,0,0
258,19540,"Decatur, IN                                                 ",5,9,4,0,0,5,1,,9,4,0,0,5,1
999,19580,"Defiance, OH                                                ",5,3,3,0,0,0,0,,3,3,0,0,0,0
999,19620,"Del Rio, TX                                                 ",5,6,6,0,0,0,0,,6,6,0,0,0,0
422,19660,"Deltona-Daytona Beach-Ormond Beach, FL                      ",2,422,346,12,4,60,2,,422,346,12,4,60,2
999,19700,"Deming, NM                                                  ",5,0,0,0,0,0,0,,0,0,0,0,0,0
216,19740,"Denver-Aurora-Centennial, CO                                ",2,985,703,0,7,275,5,,985,703,0,7,275,5
324,19760,"DeRidder, LA                                                ",5,10,10,0,0,0,0,,10,10,0,0,0,0
218,19780,"Des Moines-West Des Moines, IA                              ",2,623,211,4,0,408,3,,623,211,4,0,408,3
999,19810,"Detroit Lakes, MN                                           ",5,2,2,0,0,0,0,,2,2,0,0,0,0
220,19820,"Detroit-Warren-Dearborn, MI                                 ",2,394,296,34,0,64,3,,394,296,34,0,64,3
999,19860,"Dickinson, ND                                               ",5,6,6,0,0,0,0,,6,6,0,0,0,0
221,19940,"Dixon, IL                                                   ",5,0,0,0,0,0,0,,0,0,0,0,0,0
999,19980,"Dodge City, KS                                              ",5,12,12,0,0,0,0,,12,12,0,0,0,0
222,20020,"Dothan, AL                                                  ",2,33,33,0,0,0,0,,33,33,0,0,0,0
999,20060,"Douglas, GA                                                 ",5,6,6,0,0,0,0,,6,6,0,0,0,0
428,20100,"Dover, DE                                                   ",2,72,68,4,0,0,0,,72,68,4,0,0,0
999,20140,"Dublin, GA                                                  ",5,7,7,0,0,0,0,,7,7,0,0,0,0
524,20180,"DuBois, PA                                                  ",5,6,6,0,0,0,0,,6,6,0,0,0,0
999,20220,"Dubuque, IA                                                 ",4,5,5,0,0,0,0,,5,5,0,0,0,0
228,20260,"Duluth, MN-WI                                               ",2,6,4,2,0,0,0,,6,4,2,0,0,0
999,20300,"Dumas, TX                                                   ",5,1,1,0,0,0,0,,1,1,0,0,0,0
334,20340,"Duncan, OK                                                  ",5,0,0,0,0,0,0,,0,0,0,0,0,0
999,20420,"Durango, CO                                                 ",5,9,9,0,0,0,0,,9,9,0,0,0,0
206,20460,"Durant, OK                                                  ",5,2,2,0,0,0,0,,2,2,0,0,0,0
450,20500,"Durham-Chapel Hill, NC                                      ",2,516,231,8,0,277,6,,516,231,8,0,277,6
999,20540,"Dyersburg, TN                                               ",5,4,4,0,0,0,0,,4,4,0,0,0,0
999,20580,"Eagle Pass, TX                                              ",4,5,5,0,0,0,0,,5,5,0,0,0,0
106,20700,"East Stroudsburg, PA                                        ",5,23,23,0,0,0,0,,23,23,0,0,0,0
548,20660,"Easton, MD                                                  ",5,22,22,0,0,0,0,,22,22,0,0,0,0
232,20740,"Eau Claire, WI                                              ",2,9,9,0,0,0,0,,9,9,0,0,0,0
233,20780,"Edwards, CO                                                 ",5,22,17,0,0,5,1,,22,17,0,0,5,1
999,20820,"Effingham, IL                                               ",5,9,1,0,0,8,1,,9,1,0,0,8,1
288,20900,"El Campo, TX                                                ",5,23,18,0,0,5,1,,23,18,0,0,5,1
999,20940,"El Centro, CA                                               ",4,20,13,2,0,5,1,,20,13,2,0,5,1
999,20980,"El Dorado, AR                                               ",5,1,1,0,0,0,0,,1,1,0,0,0,0
238,21340,"El Paso, TX                                                 ",2,180,161,6,3,10,2,,180,161,6,3,10,2
545,21020,"Elizabeth City, NC                                          ",5,11,11,0,0,0,0,,11,11,0,0,0,0
350,21060,"Elizabethtown, KY                                           ",2,56,28,0,0,28,4,,56,28,0,0,28,4
555,21120,"Elk City, OK                                                ",5,1,1,0,0,0,0,,1,1,0,0,0,0
515,21140,"Elkhart-Goshen, IN                                          ",2,13,13,0,0,0,0,,13,13,0,0,0,0
999,21180,"Elkins, WV                                                  ",5,0,0,0,0,0,0,,0,0,0,0,0,0
999,21220,"Elko, NV                                                    ",5,10,10,0,0,0,0,,10,10,0,0,0,0
999,21260,"Ellensburg, WA                                              ",5,22,22,0,0,0,0,,22,22,0,0,0,0
236,21300,"Elmira, NY                                                  ",2,12,7,0,0,5,1,,12,7,0,0,5,1
999,21380,"Emporia, KS                                                 ",5,1,1,0,0,0,0,,1,1,0,0,0,0
999,21420,"Enid, OK                                                    ",4,0,0,0,0,0,0,,0,0,0,0,0,0
222,21460,"Enterprise, AL                                              ",5,12,12,0,0,0,0,,12,12,0,0,0,0
240,21500,"Erie, PA                                                    ",2,11,11,0,0,0,0,,11,11,0,0,0,0
999,21540,"Escanaba, MI                                                ",5,3,3,0,0,0,0,,3,3,0,0,0,0
999,21640,"Eufaula, AL-GA                                              ",5,1,1,0,0,0,0,,1,1,0,0,0,0
999,21660,"Eugene-Springfield, OR                                      ",4,67,67,0,0,0,0,,67,67,0,0,0,0
999,21700,"Eureka-Arcata, CA                                           ",5,12,10,2,0,0,0,,12,10,2,0,0,0
999,21740,"Evanston, WY-UT                                             ",5,20,20,0,0,0,0,,20,20,0,0,0,0
241,21780,"Evansville, IN                                              ",2,50,46,4,0,0,0,,50,46,4,0,0,0
999,21820,"Fairbanks-College, AK                                       ",4,0,0,0,0,0,0,,0,0,0,0,0,0
999,21860,"Fairmont, MN                                                ",5,1,1,0,0,0,0,,1,1,0,0,0,0
242,21900,"Fairmont, WV                                                ",5,1,1,0,0,0,0,,1,1,0,0,0,0
456,21980,"Fallon, NV                                                  ",5,4,4,0,0,0,0,,4,4,0,0,0,0
244,22020,"Fargo, ND-MN                                                ",2,9,9,0,0,0,0,,9,9,0,0,0,0
378,22060,"Faribault-Northfield, MN                                    ",5,7,5,2,0,0,0,,7,5,2,0,0,0
476,22100,"Farmington, MO                                              ",5,34,7,2,0,25,1,,34,7,2,0,25,1
999,22140,"Farmington, NM                                              ",4,8,8,0,0,0,0,,8,8,0,0,0,0
246,22180,"Fayetteville, NC                                            ",2,410,98,0,0,312,1,,410,98,0,0,312,1
290,22190,"Fayetteville, TN                                            ",5,10,10,0,0,0,0,,10,10,0,0,0,0
999,22220,"Fayetteville-Springdale-Rogers, AR                          ",4,456,447,4,0,5,1,,456,447,4,0,5,1
999,22260,"Fergus Falls, MN                                            ",5,6,1,0,0,5,1,,6,1,0,0,5,1
248,22300,"Findlay, OH                                                 ",5,25,4,0,4,17,3,,25,4,0,4,17,3
999,22340,"Fitzgerald, GA                                              ",5,2,2,0,0,0,0,,2,2,0,0,0,0
999,22380,"Flagstaff, AZ                                               ",4,26,18,8,0,0,0,,26,18,8,0,0,0
220,22420,"Flint, MI                                                   ",2,24,24,0,0,0,0,,24,24,0,0,0,0
999,22500,"Florence, SC                                                ",4,55,53,2,0,0,0,,55,53,2,0,0,0
250,22520,"Florence-Muscle Shoals, AL                                  ",2,40,13,0,0,27,5,,40,13,0,0,27,5
999,22540,"Fond du Lac, WI                                             ",4,12,12,0,0,0,0,,12,12,0,0,0,0
999,22580,"Forest City, NC                                             ",5,15,13,2,0,0,0,,15,13,2,0,0,0
368,22620,"Forrest City, AR                                            ",5,0,0,0,0,0,0,,0,0,0,0,0,0
999,22660,"Fort Collins, CO                                            ",4,187,111,4,0,72,2,,187,111,4,0,72,2
999,22700,"Fort Dodge, IA                                              ",5,1,1,0,0,0,0,,1,1,0,0,0,0
999,22780,"Fort Leonard Wood, MO                                       ",5,3,3,0,0,0,0,,3,3,0,0,0,0
161,22800,"Fort Madison, IA                                            ",5,2,2,0,0,0,0,,2,2,0,0,0,0
999,22820,"Fort Morgan, CO                                             ",5,4,4,0,0,0,0,,4,4,0,0,0,0
290,22840,"Fort Payne, AL                                              ",5,11,6,0,0,5,1,,11,6,0,0,5,1
999,22900,"Fort Smith, AR-OK                                           ",4,77,21,56,0,0,0,,77,21,56,0,0,0
258,23060,"Fort Wayne, IN                                              ",2,83,83,0,0,0,0,,83,83,0,0,0,0
320,23140,"Frankfort, IN                                               ",5,3,3,0,0,0,0,,3,3,0,0,0,0
336,23180,"Frankfort, KY                                               ",5,11,11,0,0,0,0,,11,11,0,0,0,0
150,23190,"Franklin, KY                                                ",5,18,14,4,0,0,0,,18,14,4,0,0,0
484,23240,"Fredericksburg, TX                                          ",5,5,5,0,0,0,0,,5,5,0,0,0,0
466,23300,"Freeport, IL                                                ",5,0,0,0,0,0,0,,0,0,0,0,0,0
420,23340,"Fremont, NE                                                 ",5,1,1,0,0,0,0,,1,1,0,0,0,0
184,23380,"Fremont, OH                                                 ",5,2,2,0,0,0,0,,2,2,0,0,0,0
260,23420,"Fresno, CA                                                  ",2,332,250,2,0,80,9,,332,250,2,0,80,9
999,23460,"Gadsden, AL                                                 ",4,3,3,0,0,0,0,,3,3,0,0,0,0
273,23500,"Gaffney, SC                                                 ",5,12,12,0,0,0,0,,12,12,0,0,0,0
264,23540,"Gainesville, FL                                             ",2,172,99,0,0,73,2,,172,99,0,0,73,2
122,23580,"Gainesville, GA                                             ",2,111,103,0,3,5,1,,111,103,0,3,5,1
206,23620,"Gainesville, TX                                             ",5,7,7,0,0,0,0,,7,7,0,0,0,0
999,23660,"Galesburg, IL                                               ",5,0,0,0,0,0,0,,0,0,0,0,0,0
999,23680,"Gallipolis, OH                                              ",5,0,0,0,0,0,0,,0,0,0,0,0,0
999,23700,"Gallup, NM                                                  ",5,0,0,0,0,0,0,,0,0,0,0,0,0
999,23780,"Garden City, KS                                             ",5,2,2,0,0,0,0,,2,2,0,0,0,0
456,23820,"Gardnerville Ranchos, NV-CA                                 ",5,20,20,0,0,0,0,,20,20,0,0,0,0
276,23900,"Gettysburg, PA                                              ",2,47,47,0,0,0,0,,47,47,0,0,0,0
999,23940,"Gillette, WY                                                ",5,0,0,0,0,0,0,,0,0,0,0,0,0
150,23980,"Glasgow, KY                                                 ",5,15,15,0,0,0,0,,15,15,0,0,0,0
104,24020,"Glens Falls, NY                                             ",2,10,10,0,0,0,0,,10,10,0,0,0,0
104,24100,"Gloversville, NY                                            ",5,21,16,0,0,5,1,,21,16,0,0,5,1
999,24140,"Goldsboro, NC                                               ",4,51,51,0,0,0,0,,51,51,0,0,0,0
206,24180,"Granbury, TX                                                ",5,20,20,0,0,0,0,,20,20,0,0,0,0
999,24220,"Grand Forks, ND-MN                                          ",4,2,0,2,0,0,0,,2,0,2,0,0,0
999,24260,"Grand Island, NE                                            ",4,9,4,2,3,0,0,,9,4,2,3,0,0
999,24300,"Grand Junction, CO                                          ",4,87,56,0,0,31,1,,87,56,0,0,31,1
228,24330,"Grand Rapids, MN                                            ",5,3,3,0,0,0,0,,3,3,0,0,0,0
266,24340,"Grand Rapids-Wyoming-Kentwood, MI                           ",2,299,177,4,30,88,4,,299,177,4,30,88,4
366,24420,"Grants Pass, OR                                             ",2,19,14,2,3,0,0,,19,14,2,3,0,0
999,24460,"Great Bend, KS                                              ",5,0,0,0,0,0,0,,0,0,0,0,0,0
999,24500,"Great Falls, MT                                             ",4,16,14,2,0,0,0,,16,14,2,0,0,0
216,24540,"Greeley, CO                                                 ",2,194,176,4,6,8,1,,194,176,4,6,8,1
267,24580,"Green Bay, WI                                               ",2,84,34,12,0,38,3,,84,34,12,0,38,3
294,24600,"Greencastle, IN                                             ",5,2,2,0,0,0,0,,2,2,0,0,0,0
304,24620,"Greeneville, TN                                             ",5,17,17,0,0,0,0,,17,17,0,0,0,0
521,24640,"Greenfield, MA                                              ",5,3,3,0,0,0,0,,3,3,0,0,0,0
268,24660,"Greensboro-High Point, NC                                   ",2,191,191,0,0,0,0,,191,191,0,0,0,0
294,24700,"Greensburg, IN                                              ",5,4,4,0,0,0,0,,4,4,0,0,0,0
999,24740,"Greenville, MS                                              ",5,0,0,0,0,0,0,,0,0,0,0,0,0
274,24780,"Greenville, NC                                              ",2,60,36,24,0,0,0,,60,36,24,0,0,0
212,24820,"Greenville, OH                                              ",5,2,2,0,0,0,0,,2,2,0,0,0,0
273,24860,"Greenville-Anderson-Greer, SC                               ",2,973,620,16,3,334,4,,973,620,16,3,334,4
999,24900,"Greenwood, MS                                               ",5,1,1,0,0,0,0,,1,1,0,0,0,0
273,24940,"Greenwood, SC                                               ",5,38,38,0,0,0,0,,38,38,0,0,0,0
999,24980,"Grenada, MS                                                 ",5,8,1,0,0,7,1,,8,1,0,0,7,1
999,25060,"Gulfport-Biloxi, MS                                         ",4,216,212,4,0,0,0,,216,212,4,0,0,0
999,25100,"Guymon, OK                                                  ",5,0,0,0,0,0,0,,0,0,0,0,0,0
548,25180,"Hagerstown-Martinsburg, MD-WV                               ",2,98,98,0,0,0,0,,98,98,0,0,0,0
999,25200,"Hailey, ID                                                  ",5,4,4,0,0,0,0,,4,4,0,0,0,0
132,25220,"Hammond, LA                                                 ",2,86,65,0,0,21,1,,86,65,0,0,21,1
260,25260,"Hanford-Corcoran, CA                                        ",2,54,42,4,3,5,1,,54,42,4,3,5,1
448,25300,"Hannibal, MO                                                ",5,0,0,0,0,0,0,,0,0,0,0,0,0
276,25420,"Harrisburg-Carlisle, PA                                     ",2,84,67,0,4,13,2,,84,67,0,4,13,2
999,25460,"Harrison, AR                                                ",5,1,1,0,0,0,0,,1,1,0,0,0,0
277,25500,"Harrisonburg, VA                                            ",2,93,83,10,0,0,0,,93,83,10,0,0,0
405,25540,"Hartford-West Hartford-East Hartford, CT                    ",2,50,32,0,0,18,3,,50,32,0,0,18,3
999,25580,"Hastings, NE                                                ",5,2,2,0,0,0,0,,2,2,0,0,0,0
279,25620,"Hattiesburg, MS                                             ",2,15,10,0,0,5,1,,15,10,0,0,5,1
999,25700,"Hays, KS                                                    ",5,1,1,0,0,0,0,,1,1,0,0,0,0
482,25720,"Heber, UT                                                   ",5,101,101,0,0,0,0,,101,101,0,0,0,0
999,25740,"Helena, MT                                                  ",4,10,10,0,0,0,0,,10,10,0,0,0,0
408,25770,"Hemlock Farms, PA                                           ",5,17,17,0,0,0,0,,17,17,0,0,0,0
241,25775,"Henderson, KY                                               ",5,53,5,0,0,48,2,,53,5,0,0,48,2
450,25780,"Henderson, NC                                               ",5,6,6,0,0,0,0,,6,6,0,0,0,0
999,25820,"Hereford, TX                                                ",5,1,1,0,0,0,0,,1,1,0,0,0,0
999,25840,"Hermiston-Pendleton, OR                                     ",5,16,14,2,0,0,0,,16,14,2,0,0,0
430,25850,"Hermitage, PA                                               ",5,6,6,0,0,0,0,,6,6,0,0,0,0
172,25860,"Hickory-Lenoir-Morganton, NC                                ",2,257,185,6,0,66,3,,257,185,6,0,66,3
999,25880,"Hillsdale, MI                                               ",5,11,4,0,0,7,1,,11,4,0,0,7,1
999,25900,"Hilo-Kailua, HI                                             ",5,154,154,0,0,0,0,,154,154,0,0,0,0
999,25940,"Hilton Head Island-Bluffton-Port Royal, SC                  ",4,216,216,0,0,0,0,,216,216,0,0,0,0
496,25980,"Hinesville, GA                                              ",2,50,50,0,0,0,0,,50,50,0,0,0,0
999,26020,"Hobbs, NM                                                   ",5,17,17,0,0,0,0,,17,17,0,0,0,0
266,26090,"Holland, MI                                                 ",5,25,23,2,0,0,0,,25,23,2,0,0,0
999,26140,"Homosassa Springs, FL                                       ",4,168,168,0,0,0,0,,168,168,0,0,0,0
999,26220,"Hood River, OR                                              ",5,0,0,0,0,0,0,,0,0,0,0,0,0
284,26300,"Hot Springs, AR                                             ",2,8,8,0,0,0,0,,8,8,0,0,0,0
999,26340,"Houghton, MI                                                ",5,2,2,0,0,0,0,,2,2,0,0,0,0
999,26380,"Houma-Bayou Cane-Thibodaux, LA                              ",4,61,61,0,0,0,0,,61,61,0,0,0,0
288,26420,"Houston-Pasadena-The Woodlands, TX                          ",2,5731,4180,168,50,1333,45,,5731,4180,168,50,1333,45
104,26460,"Hudson, NY                                                  ",5,9,9,0,0,0,0,,9,9,0,0,0,0
107,26500,"Huntingdon, PA                                              ",5,2,2,0,0,0,0,,2,2,0,0,0,0
258,26540,"Huntington, IN                                              ",5,4,4,0,0,0,0,,4,4,0,0,0,0
170,26580,"Huntington-Ashland, WV-KY-OH                                ",2,15,15,0,0,0,0,,15,15,0,0,0,0
290,26620,"Huntsville, AL                                              ",2,555,291,0,0,264,2,,555,291,0,0,264,2
288,26660,"Huntsville, TX                                              ",5,58,58,0,0,0,0,,58,58,0,0,0,0
999,26700,"Huron, SD                                                   ",5,0,0,0,0,0,0,,0,0,0,0,0,0
999,26740,"Hutchinson, KS                                              ",5,2,2,0,0,0,0,,2,2,0,0,0,0
378,26780,"Hutchinson, MN                                              ",5,2,2,0,0,0,0,,2,2,0,0,0,0
292,26820,"Idaho Falls, ID                                             ",2,96,72,0,0,24,1,,96,72,0,0,24,1
430,26860,"Indiana, PA                                                 ",5,1,1,0,0,0,0,,1,1,0,0,0,0
294,26900,"Indianapolis-Carmel-Greenwood, IN                           ",2,773,748,10,7,8,1,,773,748,10,7,8,1
168,26980,"Iowa City, IA                                               ",2,18,16,2,0,0,0,,18,16,2,0,0,0
361,27020,"Iron Mountain, MI-WI                                        ",5,4,4,0,0,0,0,,4,4,0,0,0,0
296,27060,"Ithaca, NY                                                  ",2,27,12,0,0,15,3,,27,12,0,0,15,3
999,27100,"Jackson, MI                                                 ",4,8,8,0,0,0,0,,8,8,0,0,0,0
298,27140,"Jackson, MS                                                 ",2,67,67,0,0,0,0,,67,67,0,0,0,0
999,27180,"Jackson, TN                                                 ",4,39,39,0,0,0,0,,39,39,0,0,0,0
999,27220,"Jackson, WY-ID                                              ",5,20,20,0,0,0,0,,20,20,0,0,0,0
300,27260,"Jacksonville, FL                                            ",2,1065,1002,32,0,31,1,,1065,1002,32,0,31,1
522,27300,"Jacksonville, IL                                            ",5,0,0,0,0,0,0,,0,0,0,0,0,0
999,27340,"Jacksonville, NC                                            ",4,91,85,6,0,0,0,,91,85,6,0,0,0
540,27380,"Jacksonville, TX                                            ",5,3,3,0,0,0,0,,3,3,0,0,0,0
999,27420,"Jamestown, ND                                               ",5,0,0,0,0,0,0,,0,0,0,0,0,0
999,27460,"Jamestown-Dunkirk, NY                                       ",5,8,8,0,0,0,0,,8,8,0,0,0,0
357,27500,"Janesville-Beloit, WI                                       ",2,18,16,2,0,0,0,,18,16,2,0,0,0
999,27540,"Jasper, IN                                                  ",5,6,6,0,0,0,0,,6,6,0,0,0,0
190,27620,"Jefferson City, MO                                          ",2,8,8,0,0,0,0,,8,8,0,0,0,0
122,27600,"Jefferson, GA                                               ",5,132,127,0,0,5,1,,132,127,0,0,5,1
496,27700,"Jesup, GA                                                   ",5,4,4,0,0,0,0,,4,4,0,0,0,0
304,27740,"Johnson City, TN                                            ",2,78,78,0,0,0,0,,78,78,0,0,0,0
306,27780,"Johnstown, PA                                               ",2,2,2,0,0,0,0,,2,2,0,0,0,0
308,27860,"Jonesboro, AR                                               ",2,87,48,12,22,5,1,,87,48,12,22,5,1
309,27900,"Joplin, MO-KS                                               ",2,37,37,0,0,0,0,,37,37,0,0,0,0
999,27940,"Juneau, AK                                                  ",5,0,0,0,0,0,0,,0,0,0,0,0,0
999,27980,"Kahului-Wailuku, HI                                         ",4,78,74,4,0,0,0,,78,74,4,0,0,0
310,28020,"Kalamazoo-Portage, MI                                       ",2,22,22,0,0,0,0,,22,22,0,0,0,0
999,28060,"Kalispell, MT                                               ",5,7,7,0,0,0,0,,7,7,0,0,0,0
176,28100,"Kankakee, IL                                                ",2,2,2,0,0,0,0,,2,2,0,0,0,0
312,28140,"Kansas City, MO-KS                                          ",2,740,261,6,0,473,19,,740,261,6,0,473,19
999,28180,"Kapaa, HI                                                   ",5,7,7,0,0,0,0,,7,7,0,0,0,0
999,28260,"Kearney, NE                                                 ",5,6,6,0,0,0,0,,6,6,0,0,0,0
313,28300,"Keene, NH                                                   ",5,8,8,0,0,0,0,,8,8,0,0,0,0
258,28340,"Kendallville, IN                                            ",5,10,10,0,0,0,0,,10,10,0,0,0,0
999,28380,"Kennett, MO                                                 ",5,1,1,0,0,0,0,,1,1,0,0,0,0
314,28420,"Kennewick-Richland, WA                                      ",2,143,100,2,0,41,2,,143,100,2,0,41,2
176,28450,"Kenosha, WI                                                 ",2,208,14,36,0,158,1,,208,14,36,0,158,1
484,28500,"Kerrville, TX                                               ",5,4,4,0,0,0,0,,4,4,0,0,0,0
999,28540,"Ketchikan, AK                                               ",5,3,3,0,0,0,0,,3,3,0,0,0,0
370,28580,"Key West-Key Largo, FL                                      ",5,26,26,0,0,0,0,,26,26,0,0,0,0
545,28620,"Kill Devil Hills, NC                                        ",5,29,29,0,0,0,0,,29,29,0,0,0,0
999,28660,"Killeen-Temple, TX                                          ",4,191,167,24,0,0,0,,191,167,24,0,0,0
300,28680,"Kingsland, GA                                               ",5,36,36,0,0,0,0,,36,36,0,0,0,0
304,28700,"Kingsport-Bristol, TN-VA                                    ",2,52,52,0,0,0,0,,52,52,0,0,0,0
408,28740,"Kingston, NY                                                ",2,17,17,0,0,0,0,,17,17,0,0,0,0
204,28780,"Kingsville, TX                                              ",5,3,3,0,0,0,0,,3,3,0,0,0,0
999,28820,"Kinston, NC                                                 ",5,8,8,0,0,0,0,,8,8,0,0,0,0
999,28860,"Kirksville, MO                                              ",5,1,1,0,0,0,0,,1,1,0,0,0,0
408,28880,"Kiryas Joel-Poughkeepsie-Newburgh, NY                       ",2,157,93,4,0,60,6,,157,93,4,0,60,6
999,28900,"Klamath Falls, OR                                           ",5,5,5,0,0,0,0,,5,5,0,0,0,0
315,28940,"Knoxville, TN                                               ",2,402,330,6,7,59,3,,402,330,6,7,59,3
294,29020,"Kokomo, IN                                                  ",2,6,6,0,0,0,0,,6,6,0,0,0,0
317,29100,"La Crosse-Onalaska, WI-MN                                   ",2,21,17,4,0,0,0,,21,17,4,0,0,0
999,29260,"La Grande, OR                                               ",5,2,2,0,0,0,0,,2,2,0,0,0,0
148,29060,"Laconia, NH                                                 ",5,24,20,4,0,0,0,,24,20,4,0,0,0
318,29180,"Lafayette, LA                                               ",2,165,155,0,0,10,1,,165,155,0,0,10,1
320,29200,"Lafayette-West Lafayette, IN                                ",2,1338,34,0,0,1304,4,,1338,34,0,0,1304,4
122,29300,"LaGrange, GA-AL                                             ",5,50,46,4,0,0,0,,50,46,4,0,0,0
324,29340,"Lake Charles, LA                                            ",2,41,41,0,0,0,0,,41,41,0,0,0,0
264,29380,"Lake City, FL                                               ",5,14,14,0,0,0,0,,14,14,0,0,0,0
999,29420,"Lake Havasu City-Kingman, AZ                                ",4,238,233,2,3,0,0,,238,233,2,3,0,0
548,29470,"Lake of the Woods, VA                                       ",5,31,31,0,0,0,0,,31,31,0,0,0,0
422,29460,"Lakeland-Winter Haven, FL                                   ",2,1057,696,10,0,351,14,,1057,696,10,0,351,14
999,29540,"Lancaster, PA                                               ",4,136,114,2,8,12,2,,136,114,2,8,12,2
330,29620,"Lansing-East Lansing, MI                                    ",2,50,35,0,0,15,1,,50,35,0,0,15,1
999,29660,"Laramie, WY                                                 ",5,4,4,0,0,0,0,,4,4,0,0,0,0
999,29700,"Laredo, TX                                                  ",4,117,90,2,3,22,4,,117,90,2,3,22,4
238,29740,"Las Cruces, NM                                              ",2,64,64,0,0,0,0,,64,64,0,0,0,0
105,29780,"Las Vegas, NM                                               ",5,0,0,0,0,0,0,,0,0,0,0,0,0
332,29820,"Las Vegas-Henderson-North Las Vegas, NV                     ",2,1292,987,0,16,289,6,,1292,987,0,16,289,6
279,29860,"Laurel, MS                                                  ",5,2,2,0,0,0,0,,2,2,0,0,0,0
246,29900,"Laurinburg, NC                                              ",5,3,3,0,0,0,0,,3,3,0,0,0,0
312,29940,"Lawrence, KS                                                ",2,11,11,0,0,0,0,,11,11,0,0,0,0
400,29980,"Lawrenceburg, TN                                            ",5,2,2,0,0,0,0,,2,2,0,0,0,0
334,30020,"Lawton, OK                                                  ",2,14,14,0,0,0,0,,14,14,0,0,0,0
512,30180,"Le Mars, IA                                                 ",5,3,3,0,0,0,0,,3,3,0,0,0,0
999,30060,"Lebanon, MO                                                 ",5,4,4,0,0,0,0,,4,4,0,0,0,0
276,30140,"Lebanon, PA                                                 ",2,22,22,0,0,0,0,,22,22,0,0,0,0
999,30150,"Lebanon-Claremont, NH-VT                                    ",5,35,27,0,3,5,1,,35,27,0,3,5,1
146,30260,"Lewisburg, PA                                               ",5,4,4,0,0,0,0,,4,4,0,0,0,0
400,30280,"Lewisburg, TN                                               ",5,26,21,0,0,5,1,,26,21,0,0,5,1
999,30300,"Lewiston, ID-WA                                             ",4,17,17,0,0,0,0,,17,17,0,0,0,0
438,30340,"Lewiston-Auburn, ME                                         ",2,34,24,10,0,0,0,,34,24,10,0,0,0
999,30380,"Lewistown, PA                                               ",5,4,4,0,0,0,0,,4,4,0,0,0,0
548,30500,"Lexington Park, MD                                          ",2,91,56,0,0,35,1,,91,56,0,0,35,1
999,30420,"Lexington, NE                                               ",5,1,1,0,0,0,0,,1,1,0,0,0,0
336,30460,"Lexington-Fayette, KY                                       ",2,161,96,0,3,62,3,,161,96,0,3,62,3
999,30580,"Liberal, KS                                                 ",5,6,6,0,0,0,0,,6,6,0,0,0,0
338,30620,"Lima, OH                                                    ",2,4,4,0,0,0,0,,4,4,0,0,0,0
522,30660,"Lincoln, IL                                                 ",5,0,0,0,0,0,0,,0,0,0,0,0,0
339,30700,"Lincoln, NE                                                 ",2,53,53,0,0,0,0,,53,53,0,0,0,0
340,30780,"Little Rock-North Little Rock-Conway, AR                    ",2,421,186,12,31,192,8,,421,186,12,31,192,8
558,30820,"Lock Haven, PA                                              ",5,2,2,0,0,0,0,,2,2,0,0,0,0
999,30860,"Logan, UT-ID                                                ",4,54,54,0,0,0,0,,54,54,0,0,0,0
999,30900,"Logansport, IN                                              ",5,1,1,0,0,0,0,,1,1,0,0,0,0
999,30980,"Longview, TX                                                ",4,29,25,4,0,0,0,,29,25,4,0,0,0
440,31020,"Longview-Kelso, WA                                          ",2,27,25,2,0,0,0,,27,25,2,0,0,0
105,31060,"Los Alamos, NM                                              ",5,3,3,0,0,0,0,,3,3,0,0,0,0
348,31080,"Los Angeles-Long Beach-Anaheim, CA                          ",2,1675,955,124,13,583,35,,1675,955,124,13,583,35
350,31140,"Louisville-Jefferson County, KY-IN                          ",2,255,207,4,0,44,3,,255,207,4,0,44,3
352,31180,"Lubbock, TX                                                 ",2,415,153,0,24,238,24,,415,153,0,24,238,24
999,31220,"Ludington, MI                                               ",5,5,5,0,0,0,0,,5,5,0,0,0,0
999,31260,"Lufkin, TX                                                  ",5,7,7,0,0,0,0,,7,7,0,0,0,0
246,31300,"Lumberton, NC                                               ",5,31,29,2,0,0,0,,31,29,2,0,0,0
999,31340,"Lynchburg, VA                                               ",4,80,80,0,0,0,0,,80,80,0,0,0,0
999,31380,"Macomb, IL                                                  ",5,1,1,0,0,0,0,,1,1,0,0,0,0
356,31420,"Macon-Bibb County, GA                                       ",2,39,39,0,0,0,0,,39,39,0,0,0,0
999,31500,"Madison, IN                                                 ",5,3,3,0,0,0,0,,3,3,0,0,0,0
357,31540,"Madison, WI                                                 ",2,458,103,12,0,343,7,,458,103,12,0,343,7
999,31580,"Madisonville, KY                                            ",5,9,9,0,0,0,0,,9,9,0,0,0,0
999,31620,"Magnolia, AR                                                ",5,2,2,0,0,0,0,,2,2,0,0,0,0
284,31680,"Malvern, AR                                                 ",5,0,0,0,0,0,0,,0,0,0,0,0,0
148,31700,"Manchester-Nashua, NH                                       ",2,74,31,6,0,37,2,,74,31,6,0,37,2
999,31740,"Manhattan, KS                                               ",4,19,11,0,0,8,1,,19,11,0,0,8,1
999,31820,"Manitowoc, WI                                               ",5,4,4,0,0,0,0,,4,4,0,0,0,0
359,31860,"Mankato, MN                                                 ",2,2,2,0,0,0,0,,2,2,0,0,0,0
360,31900,"Mansfield, OH                                               ",2,8,8,0,0,0,0,,8,8,0,0,0,0
425,31930,"Marietta, OH                                                ",5,0,0,0,0,0,0,,0,0,0,0,0,0
361,31940,"Marinette, WI-MI                                            ",5,7,7,0,0,0,0,,7,7,0,0,0,0
999,31980,"Marion, IN                                                  ",5,7,7,0,0,0,0,,7,7,0,0,0,0
172,32000,"Marion, NC                                                  ",5,15,15,0,0,0,0,,15,15,0,0,0,0
198,32020,"Marion, OH                                                  ",5,1,1,0,0,0,0,,1,1,0,0,0,0
166,32060,"Marion-Herrin, IL                                           ",5,9,4,2,3,0,0,,9,4,2,3,0,0
999,32100,"Marquette, MI                                               ",5,0,0,0,0,0,0,,0,0,0,0,0,0
999,32140,"Marshall, MN                                                ",5,2,2,0,0,0,0,,2,2,0,0,0,0
999,32180,"Marshall, MO                                                ",5,0,0,0,0,0,0,,0,0,0,0,0,0
999,32260,"Marshalltown, IA                                            ",5,1,1,0,0,0,0,,1,1,0,0,0,0
542,32280,"Martin, TN                                                  ",5,7,7,0,0,0,0,,7,7,0,0,0,0
999,32300,"Martinsville, VA                                            ",5,7,7,0,0,0,0,,7,7,0,0,0,0
999,32340,"Maryville, MO                                               ",5,3,3,0,0,0,0,,3,3,0,0,0,0
999,32380,"Mason City, IA                                              ",5,1,1,0,0,0,0,,1,1,0,0,0,0
999,32390,"Massena-Ogdensburg, NY                                      ",5,13,13,0,0,0,0,,13,13,0,0,0,0
424,32460,"Mayfield, KY                                                ",5,1,1,0,0,0,0,,1,1,0,0,0,0
999,32540,"McAlester, OK                                               ",5,2,2,0,0,0,0,,2,2,0,0,0,0
365,32580,"McAllen-Edinburg-Mission, TX                                ",2,698,397,60,204,37,7,,698,397,60,204,37,7
999,32620,"McComb, MS                                                  ",5,0,0,0,0,0,0,,0,0,0,0,0,0
999,32660,"McMinnville, TN                                             ",5,16,16,0,0,0,0,,16,16,0,0,0,0
999,32700,"McPherson, KS                                               ",5,4,2,2,0,0,0,,4,2,2,0,0,0
240,32740,"Meadville, PA                                               ",5,7,7,0,0,0,0,,7,7,0,0,0,0
366,32780,"Medford, OR                                                 ",2,83,83,0,0,0,0,,83,83,0,0,0,0
368,32820,"Memphis, TN-MS-AR                                           ",2,237,237,0,0,0,0,,237,237,0,0,0,0
232,32860,"Menomonie, WI                                               ",5,6,6,0,0,0,0,,6,6,0,0,0,0
488,32900,"Merced, CA                                                  ",2,34,34,0,0,0,0,,34,34,0,0,0,0
999,32940,"Meridian, MS                                                ",5,1,1,0,0,0,0,,1,1,0,0,0,0
190,33020,"Mexico, MO                                                  ",5,0,0,0,0,0,0,,0,0,0,0,0,0
309,33060,"Miami, OK                                                   ",5,0,0,0,0,0,0,,0,0,0,0,0,0
370,33100,"Miami-Fort Lauderdale-West Palm Beach, FL                   ",2,1118,345,38,16,719,27,,1118,345,38,16,719,27
176,33140,"Michigan City-La Porte, IN                                  ",2,17,11,0,0,6,1,,17,11,0,0,6,1
371,33180,"Middlesborough, KY                                          ",5,3,3,0,0,0,0,,3,3,0,0,0,0
474,33220,"Midland, MI                                                 ",2,6,6,0,0,0,0,,6,6,0,0,0,0
372,33260,"Midland, TX                                                 ",2,121,121,0,0,0,0,,121,121,0,0,0,0
999,33300,"Milledgeville, GA                                           ",5,3,3,0,0,0,0,,3,3,0,0,0,0
376,33340,"Milwaukee-Waukesha, WI                                      ",2,222,107,8,0,107,3,,222,107,8,0,107,3
508,33380,"Minden, LA                                                  ",5,5,5,0,0,0,0,,5,5,0,0,0,0
206,33420,"Mineral Wells, TX                                           ",5,2,2,0,0,0,0,,2,2,0,0,0,0
378,33460,"Minneapolis-St. Paul-Bloomington, MN-WI                     ",2,698,526,6,0,166,7,,698,526,6,0,166,7
999,33500,"Minot, ND                                                   ",4,4,4,0,0,0,0,,4,4,0,0,0,0
999,33540,"Missoula, MT                                                ",4,71,71,0,0,0,0,,71,71,0,0,0,0
999,33580,"Mitchell, SD                                                ",5,4,4,0,0,0,0,,4,4,0,0,0,0
190,33620,"Moberly, MO                                                 ",5,4,2,2,0,0,0,,4,2,2,0,0,0
380,33660,"Mobile, AL                                                  ",2,136,74,10,0,52,9,,136,74,10,0,52,9
488,33700,"Modesto, CA                                                 ",2,89,77,0,0,12,2,,89,77,0,0,12,2
384,33740,"Monroe, LA                                                  ",2,40,40,0,0,0,0,,40,40,0,0,0,0
220,33780,"Monroe, MI                                                  ",2,8,8,0,0,0,0,,8,8,0,0,0,0
388,33860,"Montgomery, AL                                              ",2,52,45,0,0,7,1,,52,45,0,0,7,1
320,33900,"Monticello, IN                                              ",5,3,3,0,0,0,0,,3,3,0,0,0,0
408,33910,"Monticello, NY                                              ",5,40,34,6,0,0,0,,40,34,6,0,0,0
999,33940,"Montrose, CO                                                ",5,26,18,8,0,0,0,,26,18,8,0,0,0
404,33980,"Morehead City, NC                                           ",5,41,41,0,0,0,0,,41,41,0,0,0,0
999,34020,"Morgan City, LA                                             ",5,2,2,0,0,0,0,,2,2,0,0,0,0
999,34060,"Morgantown, WV                                              ",4,5,5,0,0,0,0,,5,5,0,0,0,0
315,34100,"Morristown, TN                                              ",2,38,38,0,0,0,0,,38,38,0,0,0,0
446,34140,"Moscow, ID                                                  ",5,18,6,0,0,12,1,,18,6,0,0,12,1
393,34180,"Moses Lake, WA                                              ",5,40,38,2,0,0,0,,40,38,2,0,0,0
999,34220,"Moultrie, GA                                                ",5,8,6,2,0,0,0,,8,6,2,0,0,0
268,34340,"Mount Airy, NC                                              ",5,12,12,0,0,0,0,,12,12,0,0,0,0
394,34380,"Mount Pleasant, MI                                          ",5,1,1,0,0,0,0,,1,1,0,0,0,0
999,34420,"Mount Pleasant, TX                                          ",5,7,2,0,0,5,1,,7,2,0,0,5,1
336,34460,"Mount Sterling, KY                                          ",5,3,3,0,0,0,0,,3,3,0,0,0,0
999,34500,"Mount Vernon, IL                                            ",5,1,1,0,0,0,0,,1,1,0,0,0,0
198,34540,"Mount Vernon, OH                                            ",5,8,8,0,0,0,0,,8,8,0,0,0,0
500,34580,"Mount Vernon-Anacortes, WA                                  ",2,30,12,0,0,18,2,,30,12,0,0,18,2
999,34260,"Mountain Home, AR                                           ",5,6,1,0,0,5,1,,6,1,0,0,5,1
147,34300,"Mountain Home, ID                                           ",5,8,8,0,0,0,0,,8,8,0,0,0,0
294,34620,"Muncie, IN                                                  ",2,8,8,0,0,0,0,,8,8,0,0,0,0
999,34660,"Murray, KY                                                  ",5,1,1,0,0,0,0,,1,1,0,0,0,0
396,34680,"Murrells Inlet, SC                                          ",5,29,24,0,0,5,1,,29,24,0,0,5,1
209,34700,"Muscatine, IA                                               ",5,1,1,0,0,0,0,,1,1,0,0,0,0
266,34740,"Muskegon-Norton Shores, MI                                  ",2,15,15,0,0,0,0,,15,15,0,0,0,0
538,34780,"Muskogee, OK                                                ",5,11,11,0,0,0,0,,11,11,0,0,0,0
396,34820,"Myrtle Beach-Conway-North Myrtle Beach, SC                  ",2,601,578,0,12,11,2,,601,578,0,12,11,2
999,34860,"Nacogdoches, TX                                             ",5,3,3,0,0,0,0,,3,3,0,0,0,0
999,34880,"Nantucket, MA                                               ",5,21,14,2,0,5,1,,21,14,2,0,5,1
488,34900,"Napa, CA                                                    ",2,27,27,0,0,0,0,,27,27,0,0,0,0
163,34940,"Naples-Marco Island, FL                                     ",2,294,225,2,4,63,4,,294,225,2,4,63,4
400,34980,"Nashville-Davidson--Murfreesboro--Franklin, TN              ",2,1569,1011,0,0,558,20,,1569,1011,0,0,558,20
999,35020,"Natchez, MS-LA                                              ",5,4,4,0,0,0,0,,4,4,0,0,0,0
999,35060,"Natchitoches, LA                                            ",5,11,11,0,0,0,0,,11,11,0,0,0,0
404,35100,"New Bern, NC                                                ",5,30,30,0,0,0,0,,30,30,0,0,0,0
294,35220,"New Castle, IN                                              ",5,2,2,0,0,0,0,,2,2,0,0,0,0
405,35300,"New Haven, CT                                               ",2,35,14,8,7,6,1,,35,14,8,7,6,1
318,35340,"New Iberia, LA                                              ",5,9,9,0,0,0,0,,9,9,0,0,0,0
406,35380,"New Orleans-Metairie, LA                                    ",2,141,75,48,0,18,1,,141,75,48,0,18,1
184,35420,"New Philadelphia-Dover, OH                                  ",5,19,19,0,0,0,0,,19,19,0,0,0,0
359,35580,"New Ulm, MN                                                 ",5,0,0,0,0,0,0,,0,0,0,0,0,0
408,35620,"New York-Newark-Jersey City, NY-NJ                          ",2,4200,908,116,69,3107,98,,4200,908,116,69,3107,98
192,35140,"Newberry, SC                                                ",5,13,13,0,0,0,0,,13,13,0,0,0,0
999,35440,"Newport, OR                                                 ",5,13,13,0,0,0,0,,13,13,0,0,0,0
315,35460,"Newport, TN                                                 ",5,0,0,0,0,0,0,,0,0,0,0,0,0
515,35660,"Niles, MI                                                   ",2,14,9,0,0,5,1,,14,9,0,0,5,1
536,35700,"Nogales, AZ                                                 ",5,45,45,0,0,0,0,,45,45,0,0,0,0
999,35740,"Norfolk, NE                                                 ",5,0,0,0,0,0,0,,0,0,0,0,0,0
999,35820,"North Platte, NE                                            ",5,1,1,0,0,0,0,,1,1,0,0,0,0
412,35840,"North Port-Bradenton-Sarasota, FL                           ",2,1470,694,12,23,741,20,,1470,694,12,23,741,20
999,35900,"North Wilkesboro, NC                                        ",5,16,16,0,0,0,0,,16,16,0,0,0,0
184,35940,"Norwalk, OH                                                 ",5,1,1,0,0,0,0,,1,1,0,0,0,0
405,35980,"Norwich-New London-Willimantic, CT                          ",2,11,11,0,0,0,0,,11,11,0,0,0,0
500,36020,"Oak Harbor, WA                                              ",5,17,17,0,0,0,0,,17,17,0,0,0,0
999,36100,"Ocala, FL                                                   ",4,645,597,40,8,0,0,,645,597,40,8,0,0
480,36180,"Ocean Pines, MD                                             ",5,23,23,0,0,0,0,,23,23,0,0,0,0
372,36220,"Odessa, TX                                                  ",2,107,107,0,0,0,0,,107,107,0,0,0,0
482,36260,"Ogden, UT                                                   ",2,194,135,2,17,40,6,,194,135,2,17,40,6
999,36340,"Oil City, PA                                                ",5,2,2,0,0,0,0,,2,2,0,0,0,0
370,36380,"Okeechobee, FL                                              ",5,2,2,0,0,0,0,,2,2,0,0,0,0
416,36420,"Oklahoma City, OK                                           ",2,644,553,58,20,13,2,,644,553,58,20,13,2
160,36460,"Olean, NY                                                   ",5,4,4,0,0,0,0,,4,4,0,0,0,0
500,36500,"Olympia-Lacey-Tumwater, WA                                  ",2,256,53,0,0,203,10,,256,53,0,0,203,10
420,36540,"Omaha, NE-IA                                                ",2,766,337,6,48,375,4,,766,337,6,48,375,4
999,36580,"Oneonta, NY                                                 ",5,10,10,0,0,0,0,,10,10,0,0,0,0
147,36620,"Ontario, OR-ID                                              ",5,10,7,0,3,0,0,,10,7,0,3,0,0
318,36660,"Opelousas, LA                                               ",5,8,8,0,0,0,0,,8,8,0,0,0,0
192,36700,"Orangeburg, SC                                              ",5,7,7,0,0,0,0,,7,7,0,0,0,0
422,36740,"Orlando-Kissimmee-Sanford, FL                               ",2,3632,1393,24,12,2203,64,,3632,1393,24,12,2203,64
118,36780,"Oshkosh-Neenah, WI                                          ",2,15,13,2,0,0,0,,15,13,2,0,0,0
218,36820,"Oskaloosa, IA                                               ",5,0,0,0,0,0,0,,0,0,0,0,0,0
393,36830,"Othello, WA                                                 ",5,8,5,0,3,0,0,,8,5,0,3,0,0
176,36837,"Ottawa, IL                                                  ",5,3,3,0,0,0,0,,3,3,0,0,0,0
312,36840,"Ottawa, KS                                                  ",5,2,2,0,0,0,0,,2,2,0,0,0,0
999,36900,"Ottumwa, IA                                                 ",5,2,2,0,0,0,0,,2,2,0,0,0,0
378,36940,"Owatonna, MN                                                ",5,0,0,0,0,0,0,,0,0,0,0,0,0
999,36980,"Owensboro, KY                                               ",4,12,12,0,0,0,0,,12,12,0,0,0,0
330,37020,"Owosso, MI                                                  ",5,3,3,0,0,0,0,,3,3,0,0,0,0
999,37060,"Oxford, MS                                                  ",5,38,36,2,0,0,0,,38,36,2,0,0,0
348,37100,"Oxnard-Thousand Oaks-Ventura, CA                            ",2,32,27,0,0,5,1,,32,27,0,0,5,1
222,37120,"Ozark, AL                                                   ",5,1,1,0,0,0,0,,1,1,0,0,0,0
424,37140,"Paducah, KY-IL                                              ",2,19,17,2,0,0,0,,19,17,2,0,0,0
300,37260,"Palatka, FL                                                 ",5,4,4,0,0,0,0,,4,4,0,0,0,0
999,37300,"Palestine, TX                                               ",5,2,2,0,0,0,0,,2,2,0,0,0,0
999,37340,"Palm Bay-Melbourne-Titusville, FL                           ",4,446,278,0,12,156,1,,446,278,0,12,156,1
999,37420,"Pampa, TX                                                   ",5,1,1,0,0,0,0,,1,1,0,0,0,0
999,37460,"Panama City-Panama City Beach, FL                           ",4,198,144,0,0,54,6,,198,144,0,0,54,6
308,37500,"Paragould, AR                                               ",5,2,2,0,0,0,0,,2,2,0,0,0,0
999,37540,"Paris, TN                                                   ",5,2,2,0,0,0,0,,2,2,0,0,0,0
999,37580,"Paris, TX                                                   ",5,7,7,0,0,0,0,,7,7,0,0,0,0
425,37620,"Parkersburg-Vienna, WV                                      ",2,7,7,0,0,0,0,,7,7,0,0,0,0
429,37740,"Payson, AZ                                                  ",5,27,27,0,0,0,0,,27,27,0,0,0,0
218,37800,"Pella, IA                                                   ",5,3,3,0,0,0,0,,3,3,0,0,0,0
999,37860,"Pensacola-Ferry Pass-Brent, FL                              ",4,301,301,0,0,0,0,,301,301,0,0,0,0
427,37900,"Peoria, IL                                                  ",2,9,9,0,0,0,0,,9,9,0,0,0,0
294,37940,"Peru, IN                                                    ",5,2,2,0,0,0,0,,2,2,0,0,0,0
999,37950,"Petoskey, MI                                                ",5,5,5,0,0,0,0,,5,5,0,0,0,0
428,37980,"Philadelphia-Camden-Wilmington, PA-NJ-DE-MD                 ",2,931,648,6,38,239,20,,931,648,6,38,239,20
429,38060,"Phoenix-Mesa-Chandler, AZ                                   ",2,2687,2493,102,4,88,7,,2687,2493,102,4,88,7
406,38100,"Picayune, MS                                                ",5,28,28,0,0,0,0,,28,28,0,0,0,0
999,38180,"Pierre, SD                                                  ",5,1,1,0,0,0,0,,1,1,0,0,0,0
999,38210,"Pikeville, KY                                               ",5,1,1,0,0,0,0,,1,1,0,0,0,0
340,38220,"Pine Bluff, AR                                              ",5,9,1,8,0,0,0,,9,1,8,0,0,0
246,38240,"Pinehurst-Southern Pines, NC                                ",2,90,90,0,0,0,0,,90,90,0,0,0,0
999,38260,"Pittsburg, KS                                               ",5,2,2,0,0,0,0,,2,2,0,0,0,0
430,38300,"Pittsburgh, PA                                              ",2,428,277,0,6,145,3,,428,277,0,6,145,3
999,38340,"Pittsfield, MA                                              ",4,10,8,2,0,0,0,,10,8,2,0,0,0
352,38380,"Plainview, TX                                               ",5,2,2,0,0,0,0,,2,2,0,0,0,0
999,38420,"Platteville, WI                                             ",5,7,7,0,0,0,0,,7,7,0,0,0,0
999,38460,"Plattsburgh, NY                                             ",5,11,6,0,0,5,1,,11,6,0,0,5,1
515,38500,"Plymouth, IN                                                ",5,7,7,0,0,0,0,,7,7,0,0,0,0
999,38540,"Pocatello, ID                                               ",4,19,17,2,0,0,0,,19,17,2,0,0,0
999,38620,"Ponca City, OK                                              ",5,0,0,0,0,0,0,,0,0,0,0,0,0
145,38700,"Pontiac, IL                                                 ",5,0,0,0,0,0,0,,0,0,0,0,0,0
999,38740,"Poplar Bluff, MO                                            ",5,2,2,0,0,0,0,,2,2,0,0,0,0
999,38820,"Port Angeles, WA                                            ",5,20,16,4,0,0,0,,20,16,4,0,0,0
544,38920,"Port Lavaca, TX                                             ",5,5,5,0,0,0,0,,5,5,0,0,0,0
370,38940,"Port St. Lucie, FL                                          ",2,851,409,0,0,442,35,,851,409,0,0,442,35
999,39040,"Port Townsend, WA                                           ",5,20,20,0,0,0,0,,20,20,0,0,0,0
438,38860,"Portland-South Portland, ME                                 ",2,315,117,12,3,183,6,,315,117,12,3,183,6
440,38900,"Portland-Vancouver-Hillsboro, OR-WA                         ",2,808,572,20,11,205,5,,808,572,20,11,205,5
170,39020,"Portsmouth, OH                                              ",5,0,0,0,0,0,0,,0,0,0,0,0,0
999,39060,"Pottsville, PA                                              ",5,9,9,0,0,0,0,,9,9,0,0,0,0
999,39150,"Prescott Valley-Prescott, AZ                                ",4,107,93,14,0,0,0,,107,93,14,0,0,0
999,39220,"Price, UT                                                   ",5,1,1,0,0,0,0,,1,1,0,0,0,0
148,39300,"Providence-Warwick, RI-MA                                   ",2,150,93,38,14,5,1,,150,93,38,14,5,1
482,39340,"Provo-Orem-Lehi, UT                                         ",2,494,448,0,4,42,6,,494,448,0,4,42,6
444,39380,"Pueblo, CO                                                  ",2,13,13,0,0,0,0,,13,13,0,0,0,0
446,39420,"Pullman, WA                                                 ",5,4,4,0,0,0,0,,4,4,0,0,0,0
412,39460,"Punta Gorda, FL                                             ",2,258,205,14,3,36,2,,258,205,14,3,36,2
405,39480,"Putnam, CT                                                  ",5,8,8,0,0,0,0,,8,8,0,0,0,0
448,39500,"Quincy, IL-MO                                               ",5,4,4,0,0,0,0,,4,4,0,0,0,0
376,39540,"Racine-Mount Pleasant, WI                                   ",2,50,21,0,0,29,2,,50,21,0,0,29,2
450,39580,"Raleigh-Cary, NC                                            ",2,1067,997,2,0,68,2,,1067,997,2,0,68,2
452,39660,"Rapid City, SD                                              ",2,70,64,6,0,0,0,,70,64,6,0,0,0
154,39700,"Raymondville, TX                                            ",5,5,5,0,0,0,0,,5,5,0,0,0,0
428,39740,"Reading, PA                                                 ",2,23,23,0,0,0,0,,23,23,0,0,0,0
454,39780,"Red Bluff, CA                                               ",5,13,13,0,0,0,0,,13,13,0,0,0,0
378,39860,"Red Wing, MN                                                ",5,4,4,0,0,0,0,,4,4,0,0,0,0
454,39820,"Redding, CA                                                 ",2,38,38,0,0,0,0,,38,38,0,0,0,0
456,39900,"Reno, NV                                                    ",2,452,213,2,3,234,9,,452,213,2,3,234,9
292,39940,"Rexburg, ID                                                 ",5,68,60,0,8,0,0,,68,60,0,8,0,0
999,39960,"Rice Lake, WI                                               ",5,6,1,0,0,5,1,,6,1,0,0,5,1
458,39980,"Richmond, IN                                                ",5,3,3,0,0,0,0,,3,3,0,0,0,0
999,40060,"Richmond, VA                                                ",4,1313,507,26,17,763,9,,1313,507,26,17,763,9
336,40080,"Richmond-Berea, KY                                          ",5,21,10,4,0,7,1,,21,10,4,0,7,1
233,40090,"Rifle, CO                                                   ",5,13,13,0,0,0,0,,13,13,0,0,0,0
365,40100,"Rio Grande City-Roma, TX                                    ",5,0,0,0,0,0,0,,0,0,0,0,0,0
348,40140,"Riverside-San Bernardino-Ontario, CA                        ",2,1161,978,16,25,142,10,,1161,978,16,25,142,10
999,40180,"Riverton, WY                                                ",5,1,1,0,0,0,0,,1,1,0,0,0,0
468,40260,"Roanoke Rapids, NC                                          ",5,6,6,0,0,0,0,,6,6,0,0,0,0
999,40220,"Roanoke, VA                                                 ",4,41,41,0,0,0,0,,41,41,0,0,0,0
466,40300,"Rochelle, IL                                                ",5,10,3,0,0,7,1,,10,3,0,0,7,1
462,40340,"Rochester, MN                                               ",2,33,33,0,0,0,0,,33,33,0,0,0,0
464,40380,"Rochester, NY                                               ",2,104,93,2,4,5,1,,104,93,2,4,5,1
999,40540,"Rock Springs, WY                                            ",5,8,8,0,0,0,0,,8,8,0,0,0,0
466,40420,"Rockford, IL                                                ",2,22,22,0,0,0,0,,22,22,0,0,0,0
246,40460,"Rockingham, NC                                              ",5,3,3,0,0,0,0,,3,3,0,0,0,0
468,40580,"Rocky Mount, NC                                             ",2,46,46,0,0,0,0,,46,46,0,0,0,0
999,40620,"Rolla, MO                                                   ",5,1,1,0,0,0,0,,1,1,0,0,0,0
122,40660,"Rome, GA                                                    ",2,13,13,0,0,0,0,,13,13,0,0,0,0
999,40700,"Roseburg, OR                                                ",5,11,11,0,0,0,0,,11,11,0,0,0,0
999,40740,"Roswell, NM                                                 ",5,7,7,0,0,0,0,,7,7,0,0,0,0
999,40760,"Ruidoso, NM                                                 ",5,6,6,0,0,0,0,,6,6,0,0,0,0
250,40770,"Russellville, AL                                            ",5,2,2,0,0,0,0,,2,2,0,0,0,0
999,40780,"Russellville, AR                                            ",5,5,5,0,0,0,0,,5,5,0,0,0,0
384,40820,"Ruston, LA                                                  ",5,8,8,0,0,0,0,,8,8,0,0,0,0
999,40860,"Rutland, VT                                                 ",5,2,2,0,0,0,0,,2,2,0,0,0,0
472,40900,"Sacramento-Roseville-Folsom, CA                             ",2,801,687,28,4,82,4,,801,687,28,4,82,4
999,40940,"Safford, AZ                                                 ",5,28,20,4,4,0,0,,28,20,4,4,0,0
474,40980,"Saginaw, MI                                                 ",2,10,10,0,0,0,0,,10,10,0,0,0,0
566,41400,"Salem, OH                                                   ",5,3,3,0,0,0,0,,3,3,0,0,0,0
440,41420,"Salem, OR                                                   ",2,83,74,4,0,5,1,,83,74,4,0,5,1
999,41460,"Salina, KS                                                  ",5,2,2,0,0,0,0,,2,2,0,0,0,0
999,41500,"Salinas, CA                                                 ",4,60,60,0,0,0,0,,60,60,0,0,0,0
480,41540,"Salisbury, MD                                               ",2,16,8,0,8,0,0,,16,8,0,8,0,0
482,41620,"Salt Lake City-Murray, UT                                   ",2,943,332,4,14,593,4,,943,332,4,14,593,4
999,41660,"San Angelo, TX                                              ",4,26,26,0,0,0,0,,26,26,0,0,0,0
484,41700,"San Antonio-New Braunfels, TX                               ",2,876,813,0,24,39,7,,876,813,0,24,39,7
999,41740,"San Diego-Chula Vista-Carlsbad, CA                          ",4,543,248,58,33,204,15,,543,248,58,33,204,15
488,41860,"San Francisco-Oakland-Fremont, CA                           ",2,565,174,8,6,377,16,,565,174,8,6,377,16
488,41940,"San Jose-Sunnyvale-Santa Clara, CA                          ",2,215,192,0,0,23,4,,215,192,0,0,23,4
999,42020,"San Luis Obispo-Paso Robles, CA                             ",4,46,41,0,0,5,1,,46,41,0,0,5,1
999,41760,"Sandpoint, ID                                               ",5,4,4,0,0,0,0,,4,4,0,0,0,0
184,41780,"Sandusky, OH                                                ",2,19,19,0,0,0,0,,19,19,0,0,0,0
450,41820,"Sanford, NC                                                 ",5,56,56,0,0,0,0,,56,56,0,0,0,0
488,42100,"Santa Cruz-Watsonville, CA                                  ",2,14,12,2,0,0,0,,14,12,2,0,0,0
105,42140,"Santa Fe, NM                                                ",2,29,29,0,0,0,0,,29,29,0,0,0,0
999,42200,"Santa Maria-Santa Barbara, CA                               ",4,37,37,0,0,0,0,,37,37,0,0,0,0
999,42220,"Santa Rosa-Petaluma, CA                                     ",4,85,80,0,0,5,1,,85,80,0,0,5,1
999,42300,"Sault Ste. Marie, MI                                        ",5,7,2,0,0,5,1,,7,2,0,0,5,1
496,42340,"Savannah, GA                                                ",2,371,274,2,0,95,3,,371,274,2,0,95,3
999,42380,"Sayre, PA                                                   ",5,2,2,0,0,0,0,,2,2,0,0,0,0
999,42420,"Scottsbluff, NE                                             ",5,1,1,0,0,0,0,,1,1,0,0,0,0
174,42460,"Scottsboro, AL                                              ",5,3,3,0,0,0,0,,3,3,0,0,0,0
999,42540,"Scranton--Wilkes-Barre, PA                                  ",4,34,34,0,0,0,0,,34,34,0,0,0,0
999,42580,"Seaford, DE                                                 ",5,324,312,12,0,0,0,,324,312,12,0,0,0
340,42620,"Searcy, AR                                                  ",5,17,17,0,0,0,0,,17,17,0,0,0,0
500,42660,"Seattle-Tacoma-Bellevue, WA                                 ",2,1203,528,68,78,529,24,,1203,528,68,78,529,24
370,42680,"Sebastian-Vero Beach-West Vero Corridor, FL                 ",2,10,10,0,0,0,0,,10,10,0,0,0,0
999,42700,"Sebring-, FL                                                ",4,54,54,0,0,0,0,,54,54,0,0,0,0
999,42740,"Sedalia, MO                                                 ",5,6,1,0,0,5,1,,6,1,0,0,5,1
146,42780,"Selinsgrove, PA                                             ",5,3,3,0,0,0,0,,3,3,0,0,0,0
388,42820,"Selma, AL                                                   ",5,1,1,0,0,0,0,,1,1,0,0,0,0
464,42900,"Seneca Falls, NY                                            ",5,2,2,0,0,0,0,,2,2,0,0,0,0
273,42860,"Seneca, SC                                                  ",5,70,70,0,0,0,0,,70,70,0,0,0,0
315,42940,"Sevierville, TN                                             ",5,89,75,0,0,14,2,,89,75,0,0,14,2
294,42980,"Seymour, IN                                                 ",5,5,5,0,0,0,0,,5,5,0,0,0,0
267,43020,"Shawano, WI                                                 ",5,6,6,0,0,0,0,,6,6,0,0,0,0
416,43060,"Shawnee, OK                                                 ",5,15,9,6,0,0,0,,15,9,6,0,0,0
999,43100,"Sheboygan, WI                                               ",4,13,11,2,0,0,0,,13,11,2,0,0,0
172,43140,"Shelby-Kings Mountain, NC                                   ",5,49,25,0,0,24,1,,49,25,0,0,24,1
400,43180,"Shelbyville, TN                                             ",5,18,18,0,0,0,0,,18,18,0,0,0,0
500,43220,"Shelton, WA                                                 ",5,9,9,0,0,0,0,,9,9,0,0,0,0
999,43260,"Sheridan, WY                                                ",5,17,13,0,4,0,0,,17,13,0,4,0,0
206,43300,"Sherman-Denison, TX                                         ",2,431,127,4,0,300,4,,431,127,4,0,300,4
999,43320,"Show Low, AZ                                                ",5,39,37,2,0,0,0,,39,37,2,0,0,0
508,43340,"Shreveport-Bossier City, LA                                 ",2,73,73,0,0,0,0,,73,73,0,0,0,0
212,43380,"Sidney, OH                                                  ",5,6,6,0,0,0,0,,6,6,0,0,0,0
999,43420,"Sierra Vista-Douglas, AZ                                    ",4,37,37,0,0,0,0,,37,37,0,0,0,0
164,43460,"Sikeston, MO                                                ",5,2,2,0,0,0,0,,2,2,0,0,0,0
512,43580,"Sioux City, IA-NE-SD                                        ",2,12,12,0,0,0,0,,12,12,0,0,0,0
999,43620,"Sioux Falls, SD-MN                                          ",4,216,19,2,0,195,11,,216,19,2,0,195,11
406,43640,"Slidell-Mandeville-Covington, LA                            ",2,91,89,2,0,0,0,,91,89,2,0,0,0
999,43660,"Snyder, TX                                                  ",5,0,0,0,0,0,0,,0,0,0,0,0,0
999,43700,"Somerset, KY                                                ",5,25,1,0,0,24,3,,25,1,0,0,24,3
306,43740,"Somerset, PA                                                ",5,5,5,0,0,0,0,,5,5,0,0,0,0
999,43760,"Sonora, CA                                                  ",5,4,4,0,0,0,0,,4,4,0,0,0,0
515,43780,"South Bend-Mishawaka, IN-MI                                 ",2,25,23,2,0,0,0,,25,23,2,0,0,0
317,43890,"Sparta, WI                                                  ",5,6,6,0,0,0,0,,6,6,0,0,0,0
273,43900,"Spartanburg, SC                                             ",2,272,267,0,0,5,1,,272,267,0,0,5,1
452,43940,"Spearfish, SD                                               ",5,22,12,2,0,8,1,,22,12,2,0,8,1
517,43980,"Spencer, IA                                                 ",5,1,1,0,0,0,0,,1,1,0,0,0,0
517,44020,"Spirit Lake, IA                                             ",5,10,10,0,0,0,0,,10,10,0,0,0,0
518,44060,"Spokane-Spokane Valley, WA                                  ",2,119,88,6,7,18,1,,119,88,6,7,18,1
522,44100,"Springfield, IL                                             ",2,10,8,2,0,0,0,,10,8,2,0,0,0
521,44140,"Springfield, MA                                             ",2,18,16,2,0,0,0,,18,16,2,0,0,0
999,44180,"Springfield, MO                                             ",4,136,123,10,3,0,0,,136,123,10,3,0,0
212,44220,"Springfield, OH                                             ",2,7,7,0,0,0,0,,7,7,0,0,0,0
378,41060,"St. Cloud, MN                                               ",2,113,12,0,0,101,2,,113,12,0,0,101,2
999,41100,"St. George, UT                                              ",4,182,182,0,0,0,0,,182,182,0,0,0,0
312,41140,"St. Joseph, MO-KS                                           ",2,6,4,2,0,0,0,,6,4,2,0,0,0
476,41180,"St. Louis, MO-IL                                            ",2,385,263,40,8,74,7,,385,263,40,8,74,7
999,41260,"St. Marys, PA                                               ",5,3,3,0,0,0,0,,3,3,0,0,0,0
523,44260,"Starkville, MS                                              ",5,6,6,0,0,0,0,,6,6,0,0,0,0
524,44300,"State College, PA                                           ",2,26,20,6,0,0,0,,26,20,6,0,0,0
496,44340,"Statesboro, GA                                              ",5,92,92,0,0,0,0,,92,92,0,0,0,0
277,44420,"Staunton-Stuarts Draft, VA                                  ",2,40,40,0,0,0,0,,40,40,0,0,0,0
999,44460,"Steamboat Springs, CO                                       ",5,6,6,0,0,0,0,,6,6,0,0,0,0
999,44500,"Stephenville, TX                                            ",5,0,0,0,0,0,0,,0,0,0,0,0,0
999,44540,"Sterling, CO                                                ",5,0,0,0,0,0,0,,0,0,0,0,0,0
221,44580,"Sterling, IL                                                ",5,1,1,0,0,0,0,,1,1,0,0,0,0
554,44620,"Stevens Point-Plover, WI                                    ",5,8,6,2,0,0,0,,8,6,2,0,0,0
999,44660,"Stillwater, OK                                              ",5,19,15,4,0,0,0,,19,15,4,0,0,0
488,44700,"Stockton-Lodi, CA                                           ",2,207,207,0,0,0,0,,207,207,0,0,0,0
999,44740,"Storm Lake, IA                                              ",5,1,1,0,0,0,0,,1,1,0,0,0,0
310,44780,"Sturgis, MI                                                 ",5,8,8,0,0,0,0,,8,8,0,0,0,0
206,44860,"Sulphur Springs, TX                                         ",5,6,6,0,0,0,0,,6,6,0,0,0,0
174,44900,"Summerville, GA                                             ",5,0,0,0,0,0,0,,0,0,0,0,0,0
192,44940,"Sumter, SC                                                  ",2,32,28,4,0,0,0,,32,28,4,0,0,0
146,44980,"Sunbury, PA                                                 ",5,4,4,0,0,0,0,,4,4,0,0,0,0
999,45000,"Susanville, CA                                              ",5,3,3,0,0,0,0,,3,3,0,0,0,0
101,45020,"Sweetwater, TX                                              ",5,1,1,0,0,0,0,,1,1,0,0,0,0
532,45060,"Syracuse, NY                                                ",2,41,24,0,0,17,2,,41,24,0,0,17,2
999,45140,"Tahlequah, OK                                               ",5,8,8,0,0,0,0,,8,8,0,0,0,0
142,45180,"Talladega-Sylacauga, AL                                     ",5,9,9,0,0,0,0,,9,9,0,0,0,0
533,45220,"Tallahassee, FL                                             ",2,221,90,0,0,131,4,,221,90,0,0,131,4
999,45300,"Tampa-St. Petersburg-Clearwater, FL                         ",4,2172,1091,20,0,1061,24,,2172,1091,20,0,1061,24
999,45340,"Taos, NM                                                    ",5,10,10,0,0,0,0,,10,10,0,0,0,0
522,45380,"Taylorville, IL                                             ",5,1,1,0,0,0,0,,1,1,0,0,0,0
999,45460,"Terre Haute, IN                                             ",4,7,5,2,0,0,0,,7,5,2,0,0,0
999,45500,"Texarkana, TX-AR                                            ",4,26,10,16,0,0,0,,26,10,16,0,0,0
999,45520,"The Dalles, OR                                              ",5,0,0,0,0,0,0,,0,0,0,0,0,0
122,45580,"Thomaston, GA                                               ",5,12,12,0,0,0,0,,12,12,0,0,0,0
999,45620,"Thomasville, GA                                             ",5,15,15,0,0,0,0,,15,15,0,0,0,0
248,45660,"Tiffin, OH                                                  ",5,1,1,0,0,0,0,,1,1,0,0,0,0
999,45700,"Tifton, GA                                                  ",5,17,11,0,0,6,1,,17,11,0,0,6,1
999,45740,"Toccoa, GA                                                  ",5,2,2,0,0,0,0,,2,2,0,0,0,0
999,45780,"Toledo, OH                                                  ",4,31,31,0,0,0,0,,31,31,0,0,0,0
999,45820,"Topeka, KS                                                  ",4,17,17,0,0,0,0,,17,17,0,0,0,0
405,45860,"Torrington, CT                                              ",5,8,8,0,0,0,0,,8,8,0,0,0,0
999,45880,"Town of Pecos, TX                                           ",5,1,1,0,0,0,0,,1,1,0,0,0,0
999,45900,"Traverse City, MI                                           ",4,57,33,0,0,24,1,,57,33,0,0,24,1
408,45940,"Trenton-Princeton, NJ                                       ",2,175,145,0,0,30,3,,175,145,0,0,30,3
999,45980,"Troy, AL                                                    ",5,0,0,0,0,0,0,,0,0,0,0,0,0
472,46020,"Truckee-Grass Valley, CA                                    ",5,11,11,0,0,0,0,,11,11,0,0,0,0
536,46060,"Tucson, AZ                                                  ",2,353,292,2,0,59,4,,353,292,2,0,59,4
400,46100,"Tullahoma-Manchester, TN                                    ",5,64,42,2,3,17,3,,64,42,2,3,17,3
538,46140,"Tulsa, OK                                                   ",2,323,310,8,0,5,1,,323,310,8,0,5,1
539,46180,"Tupelo, MS                                                  ",5,9,9,0,0,0,0,,9,9,0,0,0,0
999,46220,"Tuscaloosa, AL                                              ",4,48,41,2,0,5,1,,48,41,2,0,5,1
999,46300,"Twin Falls, ID                                              ",4,51,51,0,0,0,0,,51,51,0,0,0,0
540,46340,"Tyler, TX                                                   ",2,26,26,0,0,0,0,,26,26,0,0,0,0
999,46380,"Ukiah, CA                                                   ",5,1,1,0,0,0,0,,1,1,0,0,0,0
542,46460,"Union City, TN                                              ",5,0,0,0,0,0,0,,0,0,0,0,0,0
999,46520,"Urban Honolulu, HI                                          ",4,124,55,12,0,57,1,,124,55,12,0,57,1
212,46500,"Urbana, OH                                                  ",5,3,3,0,0,0,0,,3,3,0,0,0,0
999,46540,"Utica-Rome, NY                                              ",4,21,16,0,0,5,1,,21,16,0,0,5,1
999,46620,"Uvalde, TX                                                  ",5,0,0,0,0,0,0,,0,0,0,0,0,0
999,46660,"Valdosta, GA                                                ",4,70,70,0,0,0,0,,70,70,0,0,0,0
488,46700,"Vallejo, CA                                                 ",2,62,56,0,0,6,1,,62,56,0,0,6,1
338,46780,"Van Wert, OH                                                ",5,3,3,0,0,0,0,,3,3,0,0,0,0
999,46820,"Vermillion, SD                                              ",5,2,2,0,0,0,0,,2,2,0,0,0,0
999,46860,"Vernal, UT                                                  ",5,1,1,0,0,0,0,,1,1,0,0,0,0
999,46900,"Vernon, TX                                                  ",5,0,0,0,0,0,0,,0,0,0,0,0,0
298,46980,"Vicksburg, MS                                               ",5,1,1,0,0,0,0,,1,1,0,0,0,0
544,47020,"Victoria, TX                                                ",2,0,0,0,0,0,0,,0,0,0,0,0,0
999,47080,"Vidalia, GA                                                 ",5,5,3,2,0,0,0,,5,3,2,0,0,0
999,47180,"Vincennes, IN                                               ",5,3,3,0,0,0,0,,3,3,0,0,0,0
428,47220,"Vineland, NJ                                                ",2,23,13,0,0,10,1,,23,13,0,0,10,1
999,47240,"Vineyard Haven, MA                                          ",5,6,6,0,0,0,0,,6,6,0,0,0,0
545,47260,"Virginia Beach-Chesapeake-Norfolk, VA-NC                    ",2,516,308,0,0,208,5,,516,308,0,0,208,5
999,47300,"Visalia, CA                                                 ",4,147,139,8,0,0,0,,147,139,8,0,0,0
999,47340,"Wabash, IN                                                  ",5,7,7,0,0,0,0,,7,7,0,0,0,0
999,47380,"Waco, TX                                                    ",4,122,90,22,0,10,2,,122,90,22,0,10,2
244,47420,"Wahpeton, ND-MN                                             ",5,3,3,0,0,0,0,,3,3,0,0,0,0
314,47460,"Walla Walla, WA                                             ",2,14,9,0,0,5,1,,14,9,0,0,5,1
338,47540,"Wapakoneta, OH                                              ",5,9,6,0,3,0,0,,9,6,0,3,0,0
356,47580,"Warner Robins, GA                                           ",2,116,116,0,0,0,0,,116,116,0,0,0,0
999,47620,"Warren, PA                                                  ",5,7,2,0,0,5,1,,7,2,0,0,5,1
312,47660,"Warrensburg, MO                                             ",5,3,3,0,0,0,0,,3,3,0,0,0,0
515,47700,"Warsaw, IN                                                  ",5,20,18,2,0,0,0,,20,18,2,0,0,0
198,47920,"Washington Court House, OH                                  ",5,1,1,0,0,0,0,,1,1,0,0,0,0
999,47780,"Washington, IN                                              ",5,40,4,0,0,36,3,,40,4,0,0,36,3
274,47820,"Washington, NC                                              ",5,7,7,0,0,0,0,,7,7,0,0,0,0
548,47900,"Washington-Arlington-Alexandria, DC-VA-MD-WV                ",2,2180,1127,12,0,1041,25,,2180,1127,12,0,1041,25
405,47930,"Waterbury-Shelton, CT                                       ",2,39,22,2,3,12,1,,39,22,2,3,12,1
999,47940,"Waterloo-Cedar Falls, IA                                    ",4,3,3,0,0,0,0,,3,3,0,0,0,0
999,47980,"Watertown, SD                                               ",5,5,5,0,0,0,0,,5,5,0,0,0,0
376,48020,"Watertown-Fort Atkinson, WI                                 ",5,15,13,2,0,0,0,,15,13,2,0,0,0
999,48060,"Watertown-Fort Drum, NY                                     ",4,15,15,0,0,0,0,,15,15,0,0,0,0
554,48140,"Wausau, WI                                                  ",2,16,16,0,0,0,0,,16,16,0,0,0,0
999,48180,"Waycross, GA                                                ",5,3,3,0,0,0,0,,3,3,0,0,0,0
120,48200,"Waynesville, NC                                             ",5,26,24,2,0,0,0,,26,24,2,0,0,0
555,48220,"Weatherford, OK                                             ",5,0,0,0,0,0,0,,0,0,0,0,0,0
430,48260,"Weirton-Steubenville, WV-OH                                 ",2,0,0,0,0,0,0,,0,0,0,0,0,0
999,48300,"Wenatchee-East Wenatchee, WA                                ",4,241,29,0,0,212,1,,241,29,0,0,212,1
999,48460,"West Plains, MO                                             ",5,4,1,0,3,0,0,,4,1,0,3,0,0
999,48540,"Wheeling, WV-OH                                             ",4,3,1,2,0,0,0,,3,1,2,0,0,0
376,48580,"Whitewater-Elkhorn, WI                                      ",5,32,32,0,0,0,0,,32,32,0,0,0,0
999,48660,"Wichita Falls, TX                                           ",4,13,11,2,0,0,0,,13,11,2,0,0,0
556,48620,"Wichita, KS                                                 ",2,182,82,96,4,0,0,,182,82,96,4,0,0
422,48680,"Wildwood-The Villages, FL                                   ",2,258,258,0,0,0,0,,258,258,0,0,0,0
558,48700,"Williamsport, PA                                            ",2,6,6,0,0,0,0,,6,6,0,0,0,0
999,48780,"Williston, ND                                               ",5,3,3,0,0,0,0,,3,3,0,0,0,0
999,48820,"Willmar, MN                                                 ",5,1,1,0,0,0,0,,1,1,0,0,0,0
999,48900,"Wilmington, NC                                              ",4,605,469,6,9,121,3,,605,469,6,9,121,3
178,48940,"Wilmington, OH                                              ",5,8,8,0,0,0,0,,8,8,0,0,0,0
468,48980,"Wilson, NC                                                  ",5,31,31,0,0,0,0,,31,31,0,0,0,0
400,49010,"Winchester, TN                                              ",5,29,29,0,0,0,0,,29,29,0,0,0,0
548,49020,"Winchester, VA-WV                                           ",2,86,86,0,0,0,0,,86,86,0,0,0,0
999,49080,"Winnemucca, NV                                              ",5,1,1,0,0,0,0,,1,1,0,0,0,0
462,49100,"Winona, MN                                                  ",5,2,2,0,0,0,0,,2,2,0,0,0,0
268,49180,"Winston-Salem, NC                                           ",2,227,222,0,0,5,1,,227,222,0,0,5,1
554,49220,"Wisconsin Rapids-Marshfield, WI                             ",5,3,3,0,0,0,0,,3,3,0,0,0,0
999,49260,"Woodward, OK                                                ",5,1,1,0,0,0,0,,1,1,0,0,0,0
184,49300,"Wooster, OH                                                 ",5,8,8,0,0,0,0,,8,8,0,0,0,0
148,49340,"Worcester, MA                                               ",2,60,54,6,0,0,0,,60,54,6,0,0,0
999,49380,"Worthington, MN                                             ",5,1,1,0,0,0,0,,1,1,0,0,0,0
999,49420,"Yakima, WA                                                  ",4,106,33,0,0,73,1,,106,33,0,0,73,1
999,49460,"Yankton, SD                                                 ",5,1,1,0,0,0,0,,1,1,0,0,0,0
276,49620,"York-Hanover, PA                                            ",2,79,77,2,0,0,0,,79,77,2,0,0,0
566,49660,"Youngstown-Warren, OH                                       ",2,19,19,0,0,0,0,,19,19,0,0,0,0
472,49700,"Yuba City, CA                                               ",2,70,70,0,0,0,0,,70,70,0,0,0,0
999,49740,"Yuma, AZ                                                    ",4,75,75,0,0,0,0,,75,75,0,0,0,0
198,49780,"Zanesville, OH                                              ",5,15,2,2,0,11,1,,15,2,2,0,11,1
